-- MySQL dump 10.16  Distrib 10.1.36-MariaDB, for Linux (x86_64)
--
-- Host: localhost    Database: kontac
-- ------------------------------------------------------
-- Server version	10.1.36-MariaDB

/*!40101 SET @OLD_CHARACTER_SET_CLIENT=@@CHARACTER_SET_CLIENT */;
/*!40101 SET @OLD_CHARACTER_SET_RESULTS=@@CHARACTER_SET_RESULTS */;
/*!40101 SET @OLD_COLLATION_CONNECTION=@@COLLATION_CONNECTION */;
/*!40101 SET NAMES utf8 */;
/*!40103 SET @OLD_TIME_ZONE=@@TIME_ZONE */;
/*!40103 SET TIME_ZONE='+00:00' */;
/*!40014 SET @OLD_UNIQUE_CHECKS=@@UNIQUE_CHECKS, UNIQUE_CHECKS=0 */;
/*!40014 SET @OLD_FOREIGN_KEY_CHECKS=@@FOREIGN_KEY_CHECKS, FOREIGN_KEY_CHECKS=0 */;
/*!40101 SET @OLD_SQL_MODE=@@SQL_MODE, SQL_MODE='NO_AUTO_VALUE_ON_ZERO' */;
/*!40111 SET @OLD_SQL_NOTES=@@SQL_NOTES, SQL_NOTES=0 */;

--
-- Table structure for table `clients`
--

DROP TABLE IF EXISTS `clients`;
/*!40101 SET @saved_cs_client     = @@character_set_client */;
/*!40101 SET character_set_client = utf8 */;
CREATE TABLE `clients` (
  `client_id` int(4) NOT NULL AUTO_INCREMENT,
  `client_name` varchar(64) COLLATE utf8mb4_bin NOT NULL,
  `client_sub_name` varchar(64) COLLATE utf8mb4_bin NOT NULL,
  `client_external_id` varchar(64) COLLATE utf8mb4_bin NOT NULL,
  `inserted_at` datetime NOT NULL DEFAULT CURRENT_TIMESTAMP,
  `connector` int(4) NOT NULL,
  `picture` varchar(256) COLLATE utf8mb4_bin NOT NULL DEFAULT 'https://i.imgur.com/0oZIE1v.jpg',
  `entry_id` int(4) NOT NULL,
  PRIMARY KEY (`client_id`)
) ENGINE=InnoDB AUTO_INCREMENT=146 DEFAULT CHARSET=utf8mb4 COLLATE=utf8mb4_bin;
/*!40101 SET character_set_client = @saved_cs_client */;

--
-- Dumping data for table `clients`
--

LOCK TABLES `clients` WRITE;
/*!40000 ALTER TABLE `clients` DISABLE KEYS */;
INSERT INTO `clients` VALUES (107,'Patrick','553499744352','553499744352@c.us','2020-03-23 18:46:44',0,'https://i.imgur.com/NBc5k7z.jpg',1),(108,'Rodrigo Borges Almeida','553499776500','553499776500@c.us','2020-03-23 21:50:30',0,'https://i.imgur.com/UdOedJV.jpg',1),(109,'[GRUPO] Teste zap','553499776500-1584414015','553499776500-1584414015@g.us','2020-03-23 22:11:28',0,'https://i.imgur.com/NkglYgS.jpg',1),(110,'[GRUPO] Suporte Telek Multivisi','553491681654-1562870347','553491681654-1562870347@g.us','2020-03-24 11:16:26',0,'https://i.imgur.com/3p7UsKx.jpg',1),(111,'[GRUPO] Suporte Telek Donadel','553499571230-1504619857','553499571230-1504619857@g.us','2020-03-24 13:00:02',0,'https://i.imgur.com/goy43if.jpg',1),(112,'[GRUPO] Suporte Telek Expresso','553499776500-1553603570','553499776500-1553603570@g.us','2020-03-24 13:44:29',0,'https://i.imgur.com/EWjr9K5.jpg',1),(113,'[GRUPO] Suporte Telek Expresso','553499776500-1553603570','553499776500-1553603570@g.us','2020-03-24 13:44:30',0,'https://i.imgur.com/DjSuKZd.jpg',1),(114,'[GRUPO] Suporte Telek Expresso','553499776500-1553603570','553499776500-1553603570@g.us','2020-03-24 13:44:31',0,'https://i.imgur.com/FXi8WZu.jpg',1),(115,'[GRUPO] Suporte Telek Expresso','553499776500-1553603570','553499776500-1553603570@g.us','2020-03-24 13:44:34',0,'https://i.imgur.com/A11vq2Z.jpg',1),(116,'[GRUPO] Suporte Telek Expresso','553499776500-1553603570','553499776500-1553603570@g.us','2020-03-24 13:44:35',0,'https://i.imgur.com/hFKZGYv.jpg',1),(142,'[GRUPO] testye','553499744352-1585068808','553499744352-1585068808@g.us','2020-03-24 14:47:42',0,'https://i.imgur.com/0oZIE1v.jpg',1),(143,'[GRUPO] testye','553499744352-1585068808','553499744352-1585068808@g.us','2020-03-24 14:47:44',0,'https://i.imgur.com/0oZIE1v.jpg',1),(144,'[GRUPO] testye','553499744352-1585068808','553499744352-1585068808@g.us','2020-03-24 14:47:44',0,'https://i.imgur.com/0oZIE1v.jpg',1),(145,'[GRUPO] Suporte Telek x FGF','553499776500-1585062493','553499776500-1585062493@g.us','2020-03-24 14:54:00',0,'https://i.imgur.com/9Vwgtx6.jpg',1);
/*!40000 ALTER TABLE `clients` ENABLE KEYS */;
UNLOCK TABLES;

--
-- Table structure for table `entrys`
--

DROP TABLE IF EXISTS `entrys`;
/*!40101 SET @saved_cs_client     = @@character_set_client */;
/*!40101 SET character_set_client = utf8 */;
CREATE TABLE `entrys` (
  `entry_id` int(4) NOT NULL AUTO_INCREMENT,
  `title` varchar(128) NOT NULL,
  `connector` varchar(32) NOT NULL,
  `json_data` longtext NOT NULL,
  `connector_external_id` varchar(128) NOT NULL,
  `created_at` datetime NOT NULL DEFAULT CURRENT_TIMESTAMP,
  `created_by` varchar(64) NOT NULL,
  `updated_at` datetime NOT NULL DEFAULT CURRENT_TIMESTAMP ON UPDATE CURRENT_TIMESTAMP,
  `updated_by` varchar(128) DEFAULT NULL,
  `go_group` int(4) NOT NULL,
  `message_start` text NOT NULL,
  PRIMARY KEY (`entry_id`)
) ENGINE=InnoDB AUTO_INCREMENT=2 DEFAULT CHARSET=latin1;
/*!40101 SET character_set_client = @saved_cs_client */;

--
-- Dumping data for table `entrys`
--

LOCK TABLES `entrys` WRITE;
/*!40000 ALTER TABLE `entrys` DISABLE KEYS */;
INSERT INTO `entrys` VALUES (1,'Whatsapp PABX','whatsapp','{\"token\":\"1nzrgrxehgx4atmu\"}','96869','2020-02-22 19:24:46','1','2020-03-17 22:38:23','1',1,'Bem vindo a plataforma de atendimento WhatsApp Telek, em breve você será atendido por um de nossos analistas.');
/*!40000 ALTER TABLE `entrys` ENABLE KEYS */;
UNLOCK TABLES;

--
-- Table structure for table `groups`
--

DROP TABLE IF EXISTS `groups`;
/*!40101 SET @saved_cs_client     = @@character_set_client */;
/*!40101 SET character_set_client = utf8 */;
CREATE TABLE `groups` (
  `group_id` int(4) NOT NULL AUTO_INCREMENT,
  `group_name` varchar(64) NOT NULL,
  `created_at` datetime NOT NULL DEFAULT CURRENT_TIMESTAMP,
  `updated_at` datetime NOT NULL DEFAULT CURRENT_TIMESTAMP ON UPDATE CURRENT_TIMESTAMP,
  `updated_by` varchar(64) DEFAULT NULL,
  `statuses` varchar(1024) NOT NULL DEFAULT '',
  PRIMARY KEY (`group_id`)
) ENGINE=InnoDB AUTO_INCREMENT=27 DEFAULT CHARSET=latin1;
/*!40101 SET character_set_client = @saved_cs_client */;

--
-- Dumping data for table `groups`
--

LOCK TABLES `groups` WRITE;
/*!40000 ALTER TABLE `groups` DISABLE KEYS */;
INSERT INTO `groups` VALUES (1,'Telek Suporte','2020-02-22 16:12:54','2020-03-22 23:02:58',NULL,'Atendimento Finalizado com Sucesso,Venda Realizada,Cotação,Cliente sem interesse'),(25,'Fila Rodrigo','2020-03-22 22:36:35','2020-03-22 22:36:35',NULL,'FIM'),(26,'Fila Patrick','2020-03-22 23:19:57','2020-03-22 23:19:57',NULL,'FIM');
/*!40000 ALTER TABLE `groups` ENABLE KEYS */;
UNLOCK TABLES;

--
-- Table structure for table `messages`
--

DROP TABLE IF EXISTS `messages`;
/*!40101 SET @saved_cs_client     = @@character_set_client */;
/*!40101 SET character_set_client = utf8 */;
CREATE TABLE `messages` (
  `message_id` int(4) NOT NULL AUTO_INCREMENT,
  `id_external` varchar(64) COLLATE utf8mb4_bin NOT NULL,
  `connector` varchar(64) COLLATE utf8mb4_bin NOT NULL,
  `user_id` int(4) DEFAULT NULL,
  `ticket_id` int(4) NOT NULL,
  `client_id` int(4) NOT NULL,
  `source` enum('agent','client') COLLATE utf8mb4_bin NOT NULL,
  `content` varchar(256) COLLATE utf8mb4_bin NOT NULL,
  `sended_at` datetime NOT NULL DEFAULT CURRENT_TIMESTAMP,
  `type` varchar(64) COLLATE utf8mb4_bin NOT NULL DEFAULT 'text',
  `sender_name` varchar(64) COLLATE utf8mb4_bin NOT NULL,
  PRIMARY KEY (`message_id`)
) ENGINE=InnoDB AUTO_INCREMENT=1205 DEFAULT CHARSET=utf8mb4 COLLATE=utf8mb4_bin;
/*!40101 SET character_set_client = @saved_cs_client */;

--
-- Dumping data for table `messages`
--

LOCK TABLES `messages` WRITE;
/*!40000 ALTER TABLE `messages` DISABLE KEYS */;
INSERT INTO `messages` VALUES (860,'false_553499744352@c.us_3EB0BF138899D20C3DE4','whatsapp',NULL,90,107,'client','Rodrigo BorgescOnTaCt|CoNtAcT+55 34 9977-6500','2020-03-23 18:46:44','vcard','PatrickzA|Az553499744352'),(861,'','whatsapp',4,90,107,'agent','Telek SuportepH|HpFila Patrick','2020-03-23 19:24:26','transfer','Patrick HadsonzA|Az4'),(862,'false_553499744352@c.us_5298FB2C33C7B714ECCE3FFFB988123E','whatsapp',NULL,90,107,'client','https://firebasestorage.googleapis.com/v0/b/app-chat-api-com.appspot.com/o/2020%2F3%2F23%2F6b260de1-edd7-4ca4-aa0e-4f047d7e0f1d.jpeg?alt=media&token=eb77a357-e776-4ecb-b663-3a4a5cb1648a','2020-03-23 19:32:40','image','PatrickzA|Az553499744352'),(863,'false_553499744352@c.us_57001675E2A9A69981CF25D78336659D','whatsapp',NULL,90,107,'client','https://firebasestorage.googleapis.com/v0/b/app-chat-api-com.appspot.com/o/2020%2F3%2F23%2F19d19f94-443d-40b4-949a-0cac4dd304f1.mp4?alt=media&token=c44e43d8-e61d-459f-8e5d-be96b9c6d685','2020-03-23 19:33:05','video','PatrickzA|Az553499744352'),(864,'false_553499744352@c.us_032836DF21BA70B16FB60D703BF0B82C','whatsapp',NULL,90,107,'client','https://firebasestorage.googleapis.com/v0/b/app-chat-api-com.appspot.com/o/2020%2F3%2F23%2F6df008fa-ab3e-4e11-bbfb-71e0d33d21a1.jpeg?alt=media&token=50707603-e80e-47b3-ac0c-8d3c4d528790','2020-03-23 19:34:48','image','PatrickzA|Az553499744352'),(865,'false_553499744352@c.us_3EB05EE9C4A1595DB154','whatsapp',NULL,90,107,'client','https://firebasestorage.googleapis.com/v0/b/app-chat-api-com.appspot.com/o/2020%2F3%2F23%2F5d4feb82-306a-4c3a-85f0-a730a7bf6da2.jpeg?alt=media&token=d0a2339d-a089-4a82-80cd-34dfc910f77c','2020-03-23 19:36:16','image','PatrickzA|Az553499744352'),(866,'false_553499744352@c.us_3EB08893C9236C43FB4B','whatsapp',NULL,90,107,'client','https://firebasestorage.googleapis.com/v0/b/app-chat-api-com.appspot.com/o/2020%2F3%2F23%2F7b42ad0c-ff08-4f56-80f7-00efb3f855ef.jpeg?alt=media&token=afd55609-4d17-4a54-8776-cf127e31a201','2020-03-23 19:36:26','image','PatrickzA|Az553499744352'),(867,'false_553499744352@c.us_3EB0DE74356A689189C2','whatsapp',NULL,90,107,'client','https://firebasestorage.googleapis.com/v0/b/app-chat-api-com.appspot.com/o/2020%2F3%2F23%2F4597fde9-0b13-46b2-9a90-acf3f2473890.jpeg?alt=media&token=9f567732-65f5-4255-988d-aa4db0037c9a','2020-03-23 19:37:30','image','PatrickzA|Az553499744352'),(868,'','whatsapp',4,90,107,'agent','sad','2020-03-23 19:37:30','text','Patrick HadsonzA|Az4'),(869,'','whatsapp',4,90,107,'agent','sdffsd','2020-03-23 19:42:42','text','Patrick HadsonzA|Az4'),(870,'false_553499744352@c.us_3EB0D847A28840311035','whatsapp',NULL,90,107,'client','https://firebasestorage.googleapis.com/v0/b/app-chat-api-com.appspot.com/o/2020%2F3%2F23%2F275b7fce-a4e5-4c6d-b6d4-188c2732c5fa.jpeg?alt=media&token=c60fca78-6244-482a-b611-8d18eaf5cb78','2020-03-23 19:45:39','image','PatrickzA|Az553499744352'),(871,'','whatsapp',4,90,107,'agent','fgd','2020-03-23 19:51:24','text','Patrick HadsonzA|Az4'),(872,'','whatsapp',4,90,107,'agent','fgdfdg','2020-03-23 19:51:27','text','Patrick HadsonzA|Az4'),(873,'','whatsapp',4,90,107,'agent','gfhfgh','2020-03-23 19:52:23','text','Patrick HadsonzA|Az4'),(874,'','whatsapp',4,90,107,'agent','dsf','2020-03-23 19:54:16','text','Patrick HadsonzA|Az4'),(875,'','whatsapp',4,90,107,'agent',',sad','2020-03-23 19:54:17','text','Patrick HadsonzA|Az4'),(876,'','whatsapp',4,90,107,'agent','asd','2020-03-23 19:54:17','text','Patrick HadsonzA|Az4'),(877,'false_553499744352@c.us_3EB04B8F6B9728630BD9','whatsapp',NULL,90,107,'client','https://firebasestorage.googleapis.com/v0/b/app-chat-api-com.appspot.com/o/2020%2F3%2F23%2Fd9e6b3b6-e22f-47b5-8eef-74d1c8724308.jpeg?alt=media&token=1d4be19d-a63a-471b-a4a4-72299c6838ec','2020-03-23 19:54:43','image','PatrickzA|Az553499744352'),(878,'false_553499744352@c.us_3EB0216EC76B9CB5CA44','whatsapp',NULL,90,107,'client','https://firebasestorage.googleapis.com/v0/b/app-chat-api-com.appspot.com/o/2020%2F3%2F23%2F86d04762-1164-4804-8379-ae6ee7db40da.jpeg?alt=media&token=a1df8386-7927-48b8-a756-6b888baa91e3','2020-03-23 19:55:55','image','PatrickzA|Az553499744352'),(879,'','whatsapp',4,90,107,'agent','oi','2020-03-23 19:58:47','text','Patrick HadsonzA|Az4'),(880,'false_553499744352@c.us_3EB0F783E42A1CF71C5B','whatsapp',NULL,90,107,'client','sad','2020-03-23 20:16:44','chat','PatrickzA|Az553499744352'),(881,'false_553499744352@c.us_3EB07988EEB1E4D67206','whatsapp',NULL,90,107,'client','çkn','2020-03-23 20:16:45','chat','PatrickzA|Az553499744352'),(882,'','whatsapp',4,90,107,'agent','asd','2020-03-23 20:17:43','text','Patrick HadsonzA|Az4'),(883,'','whatsapp',4,90,107,'agent','sdds','2020-03-23 20:18:14','text','Patrick HadsonzA|Az4'),(884,'','whatsapp',4,90,107,'agent','Fila PatrickpH|HpFila Patrick','2020-03-23 20:18:24','transfer','Patrick HadsonzA|Az4'),(885,'false_553499776500@c.us_3AB80E49FA39F930CD98','whatsapp',NULL,91,108,'client','Teste','2020-03-23 21:50:30','chat','Rodrigo Borges AlmeidazA|Az553499776500'),(886,'false_553499776500@c.us_3AF0B141157D2BB7BE7D','whatsapp',NULL,92,108,'client','Teste','2020-03-23 21:53:24','chat','Rodrigo Borges AlmeidazA|Az553499776500'),(887,'','whatsapp',64,92,108,'agent','Telek SuportepH|HpFila Rodrigo','2020-03-23 21:55:23','transfer','Rodrigo AlmeidazA|Az64'),(888,'false_553499776500@c.us_3A5C1FE4BEA527164862','whatsapp',NULL,92,108,'client','Teste','2020-03-23 21:56:08','chat','Rodrigo Borges AlmeidazA|Az553499776500'),(889,'false_553499776500-1584414015@g.us_3A1EB4FF93AFE5B9B899','whatsapp',NULL,93,109,'client','Ser','2020-03-23 22:11:28','chat','[GRUPO] Teste zapzA|Az553499776500'),(890,'false_553499776500-1584414015@g.us_3A8782D9CCFE095D5DF0','whatsapp',NULL,93,109,'client','Gafava','2020-03-23 22:13:03','chat','Rodrigo Borges AlmeidazA|Az553499776500'),(891,'false_553491681654-1562870347@g.us_3A7702BF6C0957093E70','whatsapp',NULL,94,110,'client','Teste 123','2020-03-24 11:16:26','chat','[GRUPO] Suporte Telek MultivisizA|Az553497698581'),(892,'','whatsapp',67,94,110,'agent','e so um teste pessoal','2020-03-24 11:16:42','text','MarcozA|Az67'),(893,'','whatsapp',67,94,110,'agent','vlw ','2020-03-24 11:16:49','text','MarcozA|Az67'),(894,'false_553491681654-1562870347@g.us_3EB02620827A0DEC4A48','whatsapp',NULL,95,110,'client','ok','2020-03-24 11:16:59','chat','Flavia MachadozA|Az553498146427'),(895,'','whatsapp',67,95,110,'agent','testando novamente','2020-03-24 11:17:31','text','MarcozA|Az67'),(896,'false_553499571230-1504619857@g.us_3EB0E29FD4703CC61C0B','whatsapp',NULL,96,111,'client','Boa tarde, verifiquem se há ligação do dia 17/03 do telefone 16991163701','2020-03-24 13:00:02','chat','[GRUPO] Suporte Telek DonadelzA|Az553492600566'),(897,'false_553499571230-1504619857@g.us_3EB0614D0FAF4069D3C7','whatsapp',NULL,96,111,'client','verifiquei no banco todo @553492600566 nunca ouve ligação para esse numero do kontac','2020-03-24 13:03:34','chat','marcotuliosantosbzA|Az553491681536'),(898,'false_553499571230-1504619857@g.us_3EB006F5C181F81F706E','whatsapp',NULL,96,111,'client','boa tarde','2020-03-24 13:03:37','chat','Fernando.zA|Az553492237850'),(899,'false_553499571230-1504619857@g.us_3EB0130F2AFFD28F67E4','whatsapp',NULL,96,111,'client','Um momento','2020-03-24 13:03:39','chat','Fernando.zA|Az553492237850'),(900,'false_553499571230-1504619857@g.us_3EB0F2E3C1DD2B2D38DC','whatsapp',NULL,96,111,'client','Porque é uma reclamação do Procon e o cliente posicionou que efetuamos ligação. Porém, não localizei a ligação.','2020-03-24 13:04:41','chat','FabíolazA|Az553492600566'),(901,'false_553499571230-1504619857@g.us_3EB094999272FAAA7CA9','whatsapp',NULL,96,111,'client','nesse numero n tem mesmo te garanto','2020-03-24 13:05:26','chat','marcotuliosantosbzA|Az553491681536'),(902,'false_553499571230-1504619857@g.us_3EB0FE5278FE3EF99C68','whatsapp',NULL,96,111,'client','so se for outro numero','2020-03-24 13:05:32','chat','marcotuliosantosbzA|Az553491681536'),(903,'false_553499571230-1504619857@g.us_3EB0BE73618BD52F3219','whatsapp',NULL,96,111,'client','16981997878','2020-03-24 13:06:32','chat','FabíolazA|Az553492600566'),(904,'false_553499571230-1504619857@g.us_3EB0FB6588352184A10A','whatsapp',NULL,96,111,'client','Nesse consta outra além de uma de 22 segundos?','2020-03-24 13:06:43','chat','FabíolazA|Az553492600566'),(905,'false_553499571230-1504619857@g.us_3EB036F69C97607D9820','whatsapp',NULL,96,111,'client','https://firebasestorage.googleapis.com/v0/b/app-chat-api-com.appspot.com/o/2020%2F3%2F24%2F439810c4-e4da-4479-b8ec-dd5b6d3983ac.jpeg?alt=media&token=c1e670e8-a344-439d-8abd-fd97b7357abd','2020-03-24 13:09:38','image','marcotuliosantosbzA|Az553491681536'),(906,'false_553499571230-1504619857@g.us_3EB09CBC971D510F62AE','whatsapp',NULL,96,111,'client','historico desse','2020-03-24 13:09:46','chat','marcotuliosantosbzA|Az553491681536'),(907,'false_553499571230-1504619857@g.us_3EB0ED9DA57B04857FAA','whatsapp',NULL,96,111,'client','Me envia as ligações.','2020-03-24 13:10:18','chat','FabíolazA|Az553492600566'),(908,'false_553499571230-1504619857@g.us_3EB0F0AFAC01C2EF2F79','whatsapp',NULL,96,111,'client','http://192.168.10.32/RECORDINGS/MP3/20190608-091909_16981997878_20000000_agent053-all.mp3\nhttp://192.168.10.32/RECORDINGS/MP3/20190701-111028_3537134361_20000000_agent004-all.mp3 \nhttp://192.168.10.32/RECORDINGS/MP3/20190701-111117_16981997878_20000000_age','2020-03-24 13:11:38','chat','marcotuliosantosbzA|Az553491681536'),(909,'false_553499571230-1504619857@g.us_3EB0D0E8C6AEC0DF6BA5','whatsapp',NULL,96,111,'client','me desculpe um momento q to zipando so audios','2020-03-24 13:11:55','chat','marcotuliosantosbzA|Az553491681536'),(910,'false_553499571230-1504619857@g.us_3EB04F391F4D4A703920','whatsapp',NULL,96,111,'client','mais tem os links ae tbm','2020-03-24 13:11:59','chat','marcotuliosantosbzA|Az553491681536'),(911,'false_553499571230-1504619857@g.us_3EB0C36C47062D6C4B67','whatsapp',NULL,96,111,'client','pode ser so os links ou quer q pega os audios?','2020-03-24 13:12:24','chat','marcotuliosantosbzA|Az553491681536'),(912,'false_553499571230-1504619857@g.us_3EB05ED9C581AFDF8378','whatsapp',NULL,96,111,'client','Vou ouvir essas e te posiciono.','2020-03-24 13:14:19','chat','FabíolazA|Az553492600566'),(913,'false_553499571230-1504619857@g.us_3EB042A8A8C4A3FEDC9D','whatsapp',NULL,96,111,'client','Essas não são ligações de contato com cliente, apenas tentativas.','2020-03-24 13:18:35','chat','FabíolazA|Az553492600566'),(914,'false_553499571230-1504619857@g.us_3EB09C501D75A3BBA34E','whatsapp',NULL,96,111,'client','para esse numero so tem essas msm','2020-03-24 13:19:09','chat','marcotuliosantosbzA|Az553491681536'),(915,'false_553499571230-1504619857@g.us_3EB0235C7E516306B837','whatsapp',NULL,96,111,'client','Houve uma ligação nesse telefone 16991163701 proximo às 18h','2020-03-24 13:19:11','chat','FabíolazA|Az553492600566'),(916,'false_553499571230-1504619857@g.us_3EB00D1FE9CEB498D682','whatsapp',NULL,96,111,'client','Dia 17/03','2020-03-24 13:19:50','chat','FabíolazA|Az553492600566'),(917,'false_553499571230-1504619857@g.us_3EB05BA7C6ADA62D5298','whatsapp',NULL,96,111,'client','Agente096','2020-03-24 13:20:25','chat','FabíolazA|Az553492600566'),(918,'false_553499571230-1504619857@g.us_3EB0609F9D1D18963985','whatsapp',NULL,96,111,'client','https://firebasestorage.googleapis.com/v0/b/app-chat-api-com.appspot.com/o/2020%2F3%2F24%2Fc79598d3-a301-4c4d-8d14-903c32f02254.xls?alt=media&token=37c613ca-cf4c-401b-bcbb-24f4738e28ee','2020-03-24 13:24:35','document','marcotuliosantosbzA|Az553491681536'),(919,'false_553499571230-1504619857@g.us_3EB009B1A33EDB5E7447','whatsapp',NULL,96,111,'client','essas são todas as chamadas feitas pelo agente 096 de 17:30 ate 19:30 do dia 17/03','2020-03-24 13:24:55','chat','marcotuliosantosbzA|Az553491681536'),(920,'false_553499571230-1504619857@g.us_3EB00BFA1C84865AB2A3','whatsapp',NULL,96,111,'client','nenhuma para esse numero em questão','2020-03-24 13:25:00','chat','marcotuliosantosbzA|Az553491681536'),(921,'false_553499571230-1504619857@g.us_3EB00772C5A3AAB7528B','whatsapp',NULL,96,111,'client','mais as 18:05 ele ligou para um outro numero do mesmo ddd','2020-03-24 13:25:34','chat','marcotuliosantosbzA|Az553491681536'),(922,'false_553499571230-1504619857@g.us_3EB02575C7F6CE9ABEBD','whatsapp',NULL,96,111,'client','Me envia o link dessa ligação às 18:05h','2020-03-24 13:26:17','chat','FabíolazA|Az553492600566'),(923,'false_553499571230-1504619857@g.us_3EB0069E81E0B96523D8','whatsapp',NULL,96,111,'client','Vou verificar se é o mesmo cliente.','2020-03-24 13:26:24','chat','FabíolazA|Az553492600566'),(924,'false_553499571230-1504619857@g.us_3EB0672EB1922EC7612D','whatsapp',NULL,96,111,'client','http://192.168.10.32/RECORDINGS/MP3/20200317-180437_3432227809_20000000_agent096-all.mp3 \nhttp://192.168.10.32/RECORDINGS/MP3/20200317-180501_1637054178_20000000_agent096-all.mp3 \nhttp://192.168.10.32/RECORDINGS/MP3/20200317-180531_16992962644_20000000_age','2020-03-24 13:28:09','chat','marcotuliosantosbzA|Az553491681536'),(925,'false_553499571230-1504619857@g.us_3EB00CBF106224AF2ACF','whatsapp',NULL,96,111,'client','foi dividido em 3 chamadas','2020-03-24 13:28:14','chat','marcotuliosantosbzA|Az553491681536'),(926,'false_553499571230-1504619857@g.us_3EB0341A0BDB23EB8BED','whatsapp',NULL,96,111,'client','ok','2020-03-24 13:28:29','chat','FabíolazA|Az553492600566'),(927,'false_553499571230-1504619857@g.us_3EB0BA6E748BA5F72A40','whatsapp',NULL,96,111,'client','Não é referente a nenhuma das ligações.','2020-03-24 13:39:21','chat','FabíolazA|Az553492600566'),(928,'false_553499571230-1504619857@g.us_3EB01261A7EC11593B5F','whatsapp',NULL,96,111,'client','Esse telefone 16991163701, foi retirado do cadastro pra não receber mais ligações justamente pela ligação que teve nesse dia.','2020-03-24 13:39:21','chat','FabíolazA|Az553492600566'),(929,'false_553499571230-1504619857@g.us_3EB00FF85E5F9B2884BA','whatsapp',NULL,96,111,'client','então mais posso te garantir q n teve ligações do sistema kontac nem do siit para esse numero isso eu posso te garantir olhei na rais do banco de dados','2020-03-24 13:40:24','chat','marcotuliosantosbzA|Az553491681536'),(930,'false_553499571230-1504619857@g.us_3EB04D7C9CB68596A2FF','whatsapp',NULL,96,111,'client','foi para algum outro numero','2020-03-24 13:40:25','chat','marcotuliosantosbzA|Az553491681536'),(931,'false_553499571230-1504619857@g.us_3EB062821070F34504F4','whatsapp',NULL,96,111,'client','mais n foi essse acima','2020-03-24 13:40:29','chat','marcotuliosantosbzA|Az553491681536'),(932,'false_553499571230-1504619857@g.us_3EB0DBA7EDF922C90EBE','whatsapp',NULL,96,111,'client','esse*','2020-03-24 13:40:31','chat','marcotuliosantosbzA|Az553491681536'),(933,'false_553499571230-1504619857@g.us_3EB09671470A6F8F11DF','whatsapp',NULL,96,111,'client','Ok.','2020-03-24 13:40:40','chat','FabíolazA|Az553492600566'),(934,'false_553499571230-1504619857@g.us_3EB0133E46BAEECC8265','whatsapp',NULL,96,111,'client','aqui tem um historico minuto a minuto de todas as ligações desse agente no periodo de 17:30 a 19:30','2020-03-24 13:41:31','chat','marcotuliosantosbzA|Az553491681536'),(935,'false_553499571230-1504619857@g.us_3EB082A2E2AC1D9BE030','whatsapp',NULL,96,111,'client','posso te mandar o historico de todos os agentes de qualquer horario para vc verificar q e minuto a minuto contato','2020-03-24 13:41:46','chat','marcotuliosantosbzA|Az553491681536'),(936,'false_553499571230-1504619857@g.us_3EB06C7AB957F9F07DC2','whatsapp',NULL,96,111,'client','para o ddd 16 esse agente fez essas ligações','2020-03-24 13:44:21','chat','marcotuliosantosbzA|Az553491681536'),(937,'false_553499571230-1504619857@g.us_3EB034CC1DFE6090AFCC','whatsapp',NULL,96,111,'client','https://firebasestorage.googleapis.com/v0/b/app-chat-api-com.appspot.com/o/2020%2F3%2F24%2F42a6e99c-6e4e-4e2b-8edf-626cc8191a2b.jpeg?alt=media&token=326e0eca-ccdc-4166-900a-38b6620e6c47','2020-03-24 13:44:28','image','marcotuliosantosbzA|Az553491681536'),(938,'false_553499571230-1504619857@g.us_3EB010B34F71106EC7AF','whatsapp',NULL,96,111,'client','teve um acordo efetivo as 18:33','2020-03-24 13:44:29','chat','marcotuliosantosbzA|Az553491681536'),(939,'false_553499776500-1553603570@g.us_3EB00B467CC33BB002BA','whatsapp',NULL,97,112,'client','troquei as porta... mas continuam não me entendendo','2020-03-24 13:44:30','chat','[GRUPO] Suporte Telek ExpressozA|Az553499486212'),(940,'false_553499776500-1553603570@g.us_3EB0EA1AB88251FE8462','whatsapp',NULL,98,113,'client','Anydesk','2020-03-24 13:44:31','chat','[GRUPO] Suporte Telek ExpressozA|Az553499486212'),(941,'false_553499776500-1553603570@g.us_3EB0C1E783433B3822BA','whatsapp',NULL,99,114,'client','esse meciona isso na ligação tbm','2020-03-24 13:44:31','chat','[GRUPO] Suporte Telek ExpressozA|Az553499486212'),(942,'false_553499776500-1553603570@g.us_3EB08A7A91ED0AB9CCED','whatsapp',NULL,100,115,'client','983 634 252','2020-03-24 13:44:34','chat','[GRUPO] Suporte Telek ExpressozA|Az553499486212'),(943,'false_553499776500-1553603570@g.us_3EB0E67863DF702493CC','whatsapp',NULL,101,116,'client','34999843506','2020-03-24 13:44:35','chat','[GRUPO] Suporte Telek ExpressozA|Az553499486212'),(944,'false_553499571230-1504619857@g.us_3EB032C89DD9EAD76A4E','whatsapp',NULL,96,111,'client','Ok. As informações que tenho é pra esse número e esse horário. Qualquer eventualidade volto a te informar. Obrigada!','2020-03-24 13:45:06','chat','FabíolazA|Az553492600566'),(945,'false_553499744352@c.us_3EB0ECE61526DCAC15E0','whatsapp',NULL,102,107,'client','sd,','2020-03-24 13:52:28','chat','PatrickzA|Az553499744352'),(946,'false_553499744352@c.us_3EB0E9E2DDE0D9C3DFBA','whatsapp',NULL,102,107,'client','hgj','2020-03-24 13:52:48','chat','PatrickzA|Az553499744352'),(947,'false_553499744352-1585068808@g.us_3EB0AA3C9D0E05B77392','whatsapp',NULL,103,117,'client','sd','2020-03-24 13:53:48','chat','[GRUPO] testyezA|Az553499744352'),(948,'false_553499744352-1585068808@g.us_3EB0A644944873F6A231','whatsapp',NULL,104,118,'client','dsfsd','2020-03-24 13:53:48','chat','[GRUPO] testyezA|Az553499744352'),(949,'false_553499744352-1585068808@g.us_3EB04874B0900200F893','whatsapp',NULL,105,119,'client','dsf','2020-03-24 13:53:49','chat','[GRUPO] testyezA|Az553499744352'),(950,'false_553499744352-1585068808@g.us_3EB06C44530C9A6EB758','whatsapp',NULL,103,117,'client','sd','2020-03-24 13:53:49','chat','PatrickzA|Az553499744352'),(951,'false_553499744352-1585068808@g.us_3EB03005C57AEC6D832F','whatsapp',NULL,106,120,'client','fs','2020-03-24 13:53:49','chat','[GRUPO] testyezA|Az553499744352'),(952,'false_553499744352-1585068808@g.us_3EB055F3E525296E9C9F','whatsapp',NULL,107,121,'client','sdf','2020-03-24 13:53:50','chat','[GRUPO] testyezA|Az553499744352'),(953,'false_553499744352-1585068808@g.us_3EB0A441B0F44EE4B8F4','whatsapp',NULL,103,117,'client','fsd','2020-03-24 13:53:51','chat','PatrickzA|Az553499744352'),(954,'false_553499744352-1585068808@g.us_3EB0F41941E43EB79756','whatsapp',NULL,108,122,'client','sdf','2020-03-24 13:53:51','chat','[GRUPO] testyezA|Az553499744352'),(955,'false_553499744352-1585068808@g.us_3EB06808B1DCA6E43275','whatsapp',NULL,109,123,'client','sdf','2020-03-24 13:53:51','chat','[GRUPO] testyezA|Az553499744352'),(956,'false_553499744352-1585068808@g.us_3EB080975ED8B32E07EE','whatsapp',NULL,110,124,'client','dsf','2020-03-24 13:53:52','chat','[GRUPO] testyezA|Az553499744352'),(957,'false_553499744352-1585068808@g.us_3EB09C7521517430B48B','whatsapp',NULL,103,117,'client','fsd','2020-03-24 13:53:52','chat','PatrickzA|Az553499744352'),(958,'false_553499744352-1585068808@g.us_3EB08740DE7A574A9B18','whatsapp',NULL,111,125,'client','dsf','2020-03-24 13:53:53','chat','[GRUPO] testyezA|Az553499744352'),(959,'false_553499744352-1585068808@g.us_3EB06F5BF1F66FE44F63','whatsapp',NULL,103,117,'client','fs','2020-03-24 13:53:53','chat','PatrickzA|Az553499744352'),(960,'false_553499744352-1585068808@g.us_3EB0D52CAA0349F1E6E8','whatsapp',NULL,103,117,'client','df','2020-03-24 13:53:54','chat','PatrickzA|Az553499744352'),(961,'false_553499744352-1585068808@g.us_3EB0188013E39AC8FDE6','whatsapp',NULL,103,117,'client','sd','2020-03-24 13:53:55','chat','PatrickzA|Az553499744352'),(962,'false_553499744352-1585068808@g.us_3EB08B7085EBD9CBDFB3','whatsapp',NULL,112,126,'client','f','2020-03-24 13:53:56','chat','[GRUPO] testyezA|Az553499744352'),(963,'false_553499744352-1585068808@g.us_3EB04133FF0E8C3FC347','whatsapp',NULL,103,117,'client','sd','2020-03-24 13:57:24','chat','PatrickzA|Az553499744352'),(964,'false_553499744352-1585068808@g.us_3EB0261596D451CC1193','whatsapp',NULL,103,117,'client','sd','2020-03-24 13:57:25','chat','PatrickzA|Az553499744352'),(965,'false_553499744352-1585068808@g.us_3EB045F128678934A41A','whatsapp',NULL,103,117,'client','1','2020-03-24 13:57:47','chat','PatrickzA|Az553499744352'),(966,'false_553499744352-1585068808@g.us_3EB0A3284C7916B8BDAA','whatsapp',NULL,103,117,'client','2','2020-03-24 13:57:48','chat','PatrickzA|Az553499744352'),(967,'false_553499744352-1585068808@g.us_3EB0719A8C87D6EF0466','whatsapp',NULL,113,117,'client','2','2020-03-24 13:58:48','chat','PatrickzA|Az553499744352'),(968,'false_553499744352-1585068808@g.us_3EB0D6DEA7915A4960A2','whatsapp',NULL,113,117,'client','3','2020-03-24 13:58:49','chat','PatrickzA|Az553499744352'),(969,'false_553499744352-1585068808@g.us_3EB01D55C3DC237EC821','whatsapp',NULL,114,117,'client','1','2020-03-24 13:59:05','chat','PatrickzA|Az553499744352'),(970,'false_553499744352-1585068808@g.us_3EB04EC7179D8F2E3677','whatsapp',NULL,114,117,'client','2','2020-03-24 13:59:06','chat','PatrickzA|Az553499744352'),(971,'false_553499744352-1585068808@g.us_3EB0ACAA0132AAADC239','whatsapp',NULL,114,117,'client','3','2020-03-24 13:59:07','chat','PatrickzA|Az553499744352'),(972,'false_553499744352-1585068808@g.us_3EB04C3EA62BC0392023','whatsapp',NULL,114,117,'client','4','2020-03-24 13:59:08','chat','PatrickzA|Az553499744352'),(973,'false_553499744352-1585068808@g.us_3EB05D257A9A65688507','whatsapp',NULL,114,117,'client','5','2020-03-24 13:59:09','chat','PatrickzA|Az553499744352'),(974,'false_553499744352-1585068808@g.us_3EB01EA6E67891648649','whatsapp',NULL,114,117,'client','6','2020-03-24 13:59:10','chat','PatrickzA|Az553499744352'),(975,'false_553499744352-1585068808@g.us_3EB029DE5208C68F9D2C','whatsapp',NULL,115,117,'client','fdg','2020-03-24 13:59:40','chat','PatrickzA|Az553499744352'),(976,'false_553499744352-1585068808@g.us_3EB0549AB3D7D542996F','whatsapp',NULL,115,117,'client','fdg','2020-03-24 13:59:41','chat','PatrickzA|Az553499744352'),(977,'false_553499744352-1585068808@g.us_3EB014A3A9E911DE4887','whatsapp',NULL,115,117,'client','fdg','2020-03-24 13:59:42','chat','PatrickzA|Az553499744352'),(978,'false_553499744352-1585068808@g.us_3EB0E8623C51927388BE','whatsapp',NULL,115,117,'client','dfg','2020-03-24 13:59:43','chat','PatrickzA|Az553499744352'),(979,'false_553499744352-1585068808@g.us_3EB0CA7AEB0237EFF435','whatsapp',NULL,115,117,'client','dfg','2020-03-24 13:59:44','chat','PatrickzA|Az553499744352'),(980,'false_553499744352-1585068808@g.us_3EB08A8D917333A8BD9E','whatsapp',NULL,115,117,'client','dfg','2020-03-24 13:59:45','chat','PatrickzA|Az553499744352'),(981,'false_553499744352-1585068808@g.us_3EB0B3B687EB6C41E17A','whatsapp',NULL,115,117,'client','df','2020-03-24 13:59:46','chat','PatrickzA|Az553499744352'),(982,'false_553499744352-1585068808@g.us_3EB069002FC944E2F9F0','whatsapp',NULL,115,117,'client','gdf','2020-03-24 13:59:46','chat','PatrickzA|Az553499744352'),(983,'false_553499744352-1585068808@g.us_3EB0D9A6B3122DEB72C8','whatsapp',NULL,115,117,'client','gd','2020-03-24 13:59:47','chat','PatrickzA|Az553499744352'),(984,'false_553499744352-1585068808@g.us_3EB054F3DF87B0A73F24','whatsapp',NULL,115,117,'client','fg','2020-03-24 13:59:48','chat','PatrickzA|Az553499744352'),(985,'false_553499744352-1585068808@g.us_3EB09501B0831815F1C1','whatsapp',NULL,115,117,'client','df','2020-03-24 13:59:49','chat','PatrickzA|Az553499744352'),(986,'false_553499744352-1585068808@g.us_3EB09DF87A14C286F1A9','whatsapp',NULL,115,117,'client','gdf','2020-03-24 13:59:50','chat','PatrickzA|Az553499744352'),(987,'false_553499744352-1585068808@g.us_3EB061B2630002609EB5','whatsapp',NULL,115,117,'client','fg','2020-03-24 13:59:52','chat','PatrickzA|Az553499744352'),(988,'false_553499744352-1585068808@g.us_3EB00FDBACB39E5931F9','whatsapp',NULL,104,118,'client','1','2020-03-24 14:07:11','chat','PatrickzA|Az553499744352'),(989,'false_553499744352-1585068808@g.us_3EB0793B0BA7B51B05F8','whatsapp',NULL,104,118,'client','2','2020-03-24 14:07:15','chat','PatrickzA|Az553499744352'),(990,'false_553499744352-1585068808@g.us_3EB0CE3180B5239200D4','whatsapp',NULL,104,118,'client','3','2020-03-24 14:07:16','chat','PatrickzA|Az553499744352'),(991,'false_553499744352-1585068808@g.us_3EB0E0B23C7A8729821F','whatsapp',NULL,104,118,'client','4','2020-03-24 14:07:17','chat','PatrickzA|Az553499744352'),(992,'false_553499744352-1585068808@g.us_3EB0FD80C4D43A35F988','whatsapp',NULL,104,118,'client','5','2020-03-24 14:07:18','chat','PatrickzA|Az553499744352'),(993,'false_553499744352-1585068808@g.us_3EB0A07D14F387F3DB41','whatsapp',NULL,104,118,'client','6','2020-03-24 14:07:19','chat','PatrickzA|Az553499744352'),(994,'false_553499744352-1585068808@g.us_3EB00E47082D5915C10A','whatsapp',NULL,104,118,'client','7','2020-03-24 14:07:20','chat','PatrickzA|Az553499744352'),(995,'false_553499744352-1585068808@g.us_3EB0A9A2F59BF553C9F6','whatsapp',NULL,104,118,'client','8','2020-03-24 14:07:20','chat','PatrickzA|Az553499744352'),(996,'false_553499744352-1585068808@g.us_3EB09527EECA6B4181C6','whatsapp',NULL,104,118,'client','9','2020-03-24 14:07:21','chat','PatrickzA|Az553499744352'),(997,'false_553499744352-1585068808@g.us_3EB0CF909540B4BA7A68','whatsapp',NULL,105,119,'client','1','2020-03-24 14:09:35','chat','PatrickzA|Az553499744352'),(998,'false_553499744352-1585068808@g.us_3EB02C1A705943C49395','whatsapp',NULL,105,119,'client','2','2020-03-24 14:09:36','chat','PatrickzA|Az553499744352'),(999,'false_553499744352-1585068808@g.us_3EB0FBEAECC83974335A','whatsapp',NULL,105,119,'client','3','2020-03-24 14:09:37','chat','PatrickzA|Az553499744352'),(1000,'false_553499744352-1585068808@g.us_3EB060CC9BFC86633888','whatsapp',NULL,105,119,'client','4','2020-03-24 14:09:38','chat','PatrickzA|Az553499744352'),(1001,'false_553499744352-1585068808@g.us_3EB059672A919611FC4B','whatsapp',NULL,105,119,'client','5','2020-03-24 14:09:39','chat','PatrickzA|Az553499744352'),(1002,'false_553499744352-1585068808@g.us_3EB0DFDF2FCA77EC69AA','whatsapp',NULL,105,119,'client','6','2020-03-24 14:09:39','chat','PatrickzA|Az553499744352'),(1003,'false_553499744352-1585068808@g.us_3EB0FD9B4CA0C2D4D5A2','whatsapp',NULL,106,120,'client','1','2020-03-24 14:10:13','chat','PatrickzA|Az553499744352'),(1004,'false_553499744352-1585068808@g.us_3EB0394A1E3532ADB8AF','whatsapp',NULL,106,120,'client','2','2020-03-24 14:10:14','chat','PatrickzA|Az553499744352'),(1005,'false_553499744352-1585068808@g.us_3EB0E577542C0818CB0D','whatsapp',NULL,106,120,'client','3','2020-03-24 14:10:15','chat','PatrickzA|Az553499744352'),(1006,'false_553499744352-1585068808@g.us_3EB0892F44035144850F','whatsapp',NULL,106,120,'client','4','2020-03-24 14:10:16','chat','PatrickzA|Az553499744352'),(1007,'false_553499744352-1585068808@g.us_3EB021CCCF1A6C6E08EF','whatsapp',NULL,106,120,'client','5','2020-03-24 14:10:17','chat','PatrickzA|Az553499744352'),(1008,'false_553499744352-1585068808@g.us_3EB03296545D5280815A','whatsapp',NULL,107,121,'client','1','2020-03-24 14:12:01','chat','PatrickzA|Az553499744352'),(1009,'false_553499744352-1585068808@g.us_3EB01B74EC24DDAE3ABD','whatsapp',NULL,107,121,'client','2','2020-03-24 14:12:02','chat','PatrickzA|Az553499744352'),(1010,'false_553499744352-1585068808@g.us_3EB0F1AF14476862E79A','whatsapp',NULL,107,121,'client','3','2020-03-24 14:12:03','chat','PatrickzA|Az553499744352'),(1011,'false_553499744352-1585068808@g.us_3EB05FB2BB6E8C39336E','whatsapp',NULL,107,121,'client','4','2020-03-24 14:12:04','chat','PatrickzA|Az553499744352'),(1012,'false_553499744352-1585068808@g.us_3EB0DD894A6FC9B765B4','whatsapp',NULL,107,121,'client','5','2020-03-24 14:12:04','chat','PatrickzA|Az553499744352'),(1013,'false_553499744352-1585068808@g.us_3EB0D62BA460422ACB77','whatsapp',NULL,116,127,'client','1','2020-03-24 14:13:09','chat','[GRUPO] testyezA|Az553499744352'),(1014,'false_553499744352-1585068808@g.us_3EB0E8194BA3928EB517','whatsapp',NULL,116,127,'client','3','2020-03-24 14:13:10','chat','PatrickzA|Az553499744352'),(1015,'false_553499744352-1585068808@g.us_3EB0C434E6AD36F7DB2C','whatsapp',NULL,116,127,'client','4','2020-03-24 14:13:11','chat','PatrickzA|Az553499744352'),(1016,'false_553499744352-1585068808@g.us_3EB0841A5B190F9FCE1C','whatsapp',NULL,117,128,'client','2','2020-03-24 14:13:11','chat','[GRUPO] testyezA|Az553499744352'),(1017,'false_553499744352-1585068808@g.us_3EB049B0281A9FF942FD','whatsapp',NULL,116,127,'client','5','2020-03-24 14:13:12','chat','PatrickzA|Az553499744352'),(1018,'false_553499744352-1585068808@g.us_3EB01F5D6DEBA5AAD440','whatsapp',NULL,116,127,'client','6','2020-03-24 14:13:13','chat','PatrickzA|Az553499744352'),(1019,'false_553499744352-1585068808@g.us_3EB039FF4C41DECDDEA7','whatsapp',NULL,116,127,'client','7','2020-03-24 14:13:14','chat','PatrickzA|Az553499744352'),(1020,'false_553499744352-1585068808@g.us_3EB09A7114B4E999ADA1','whatsapp',NULL,116,127,'client','8','2020-03-24 14:13:15','chat','PatrickzA|Az553499744352'),(1021,'false_553499744352-1585068808@g.us_3EB0371D8FF17F1B751C','whatsapp',NULL,116,127,'client','9','2020-03-24 14:13:16','chat','PatrickzA|Az553499744352'),(1022,'false_553499571230-1504619857@g.us_3EB00026CD4E34B32652','whatsapp',NULL,96,111,'client','Agente078','2020-03-24 14:20:27','chat','FabíolazA|Az553492600566'),(1023,'false_553499571230-1504619857@g.us_3EB05839C952851F277B','whatsapp',NULL,96,111,'client','Não conseguiu logar porque acusa que está logado.','2020-03-24 14:20:35','chat','FabíolazA|Az553492600566'),(1024,'false_553499571230-1504619857@g.us_3EB0256B3B9304CA8E55','whatsapp',NULL,96,111,'client','Realizei os procedimentos normais e não conseguiu.','2020-03-24 14:20:43','chat','FabíolazA|Az553492600566'),(1025,'false_553499571230-1504619857@g.us_3EB02862ED73665BAD6A','whatsapp',NULL,96,111,'client','Podem verificar?','2020-03-24 14:21:03','chat','FabíolazA|Az553492600566'),(1026,'false_553499571230-1504619857@g.us_3EB010AC1708329C6235','whatsapp',NULL,96,111,'client','me passa o anydesk da máquina dela por favor','2020-03-24 14:21:04','chat','Fernando.zA|Az553492237850'),(1027,'false_553499571230-1504619857@g.us_3EB0442ED9975B8CC11F','whatsapp',NULL,96,111,'client','286890678','2020-03-24 14:22:05','chat','FabíolazA|Az553492600566'),(1028,'false_553499744352-1585068808@g.us_3EB0E0FCD196F9C00293','whatsapp',NULL,118,129,'client','12','2020-03-24 14:37:08','chat','[GRUPO] testyezA|Az553499744352'),(1029,'false_553499744352-1585068808@g.us_3EB0C05CEC2E1854C3DB','whatsapp',NULL,118,129,'client','5','2020-03-24 14:37:09','chat','PatrickzA|Az553499744352'),(1030,'false_553499744352-1585068808@g.us_3EB06F1CDC0C23363E43','whatsapp',NULL,119,130,'client','3','2020-03-24 14:37:09','chat','[GRUPO] testyezA|Az553499744352'),(1031,'false_553499744352-1585068808@g.us_3EB033912E19D72B48E9','whatsapp',NULL,118,129,'client','5','2020-03-24 14:37:10','chat','PatrickzA|Az553499744352'),(1032,'false_553499744352-1585068808@g.us_3EB01A1506959C195B67','whatsapp',NULL,120,131,'client','4','2020-03-24 14:37:10','chat','[GRUPO] testyezA|Az553499744352'),(1033,'false_553499744352-1585068808@g.us_3EB0E2975206080E015F','whatsapp',NULL,118,129,'client','8','2020-03-24 14:37:11','chat','PatrickzA|Az553499744352'),(1034,'false_553499744352-1585068808@g.us_3EB0BF50BE29D718DD04','whatsapp',NULL,121,132,'client','4','2020-03-24 14:37:12','chat','[GRUPO] testyezA|Az553499744352'),(1035,'false_553499744352-1585068808@g.us_3EB0BDB285CAE472A7D3','whatsapp',NULL,118,129,'client','2','2020-03-24 14:37:13','chat','PatrickzA|Az553499744352'),(1036,'false_553499744352-1585068808@g.us_3EB0FC736668B40DE4BB','whatsapp',NULL,118,129,'client','2','2020-03-24 14:37:14','chat','PatrickzA|Az553499744352'),(1037,'false_553499744352-1585068808@g.us_3EB0FF25CAE4A71121F9','whatsapp',NULL,118,129,'client','5','2020-03-24 14:37:15','chat','PatrickzA|Az553499744352'),(1038,'false_553499571230-1504619857@g.us_3EB098311E1B33E1F56B','whatsapp',NULL,96,111,'client','deu certo','2020-03-24 14:37:19','chat','Fernando.zA|Az553492237850'),(1039,'false_553499744352-1585068808@g.us_3EB028348153E66CD121','whatsapp',NULL,122,133,'client','2','2020-03-24 14:45:31','chat','[GRUPO] testyezA|Az553499744352'),(1040,'false_553499744352-1585068808@g.us_3EB03364933D9AF9235E','whatsapp',NULL,123,134,'client','4','2020-03-24 14:45:32','chat','[GRUPO] testyezA|Az553499744352'),(1041,'false_553499744352-1585068808@g.us_3EB06C1654D7474C0E90','whatsapp',NULL,124,135,'client','3','2020-03-24 14:45:33','chat','[GRUPO] testyezA|Az553499744352'),(1042,'false_553499744352-1585068808@g.us_3EB06C27EF7E0BCC7C20','whatsapp',NULL,125,136,'client','1','2020-03-24 14:45:33','chat','[GRUPO] testyezA|Az553499744352'),(1043,'false_553499744352-1585068808@g.us_3EB066DA460B267ECE65','whatsapp',NULL,126,137,'client','5','2020-03-24 14:45:34','chat','[GRUPO] testyezA|Az553499744352'),(1044,'false_553499744352-1585068808@g.us_3EB0DBBA2C7BDA7455D3','whatsapp',NULL,127,138,'client','6','2020-03-24 14:45:39','chat','[GRUPO] testyezA|Az553499744352'),(1045,'false_553499744352-1585068808@g.us_3EB0E147D54441C5F1A8','whatsapp',NULL,128,139,'client','1','2020-03-24 14:45:59','chat','[GRUPO] testyezA|Az553499744352'),(1046,'false_553499744352-1585068808@g.us_3EB0E22ADEA9B5263FD5','whatsapp',NULL,128,139,'client','4','2020-03-24 14:46:00','chat','PatrickzA|Az553499744352'),(1047,'false_553499744352-1585068808@g.us_3EB0975209E74B03E924','whatsapp',NULL,128,139,'client','5','2020-03-24 14:46:01','chat','PatrickzA|Az553499744352'),(1048,'false_553499744352-1585068808@g.us_3EB0C22A72F447F2C607','whatsapp',NULL,129,140,'client','2','2020-03-24 14:46:02','chat','[GRUPO] testyezA|Az553499744352'),(1049,'false_553499744352-1585068808@g.us_3EB0630787A16B272A1D','whatsapp',NULL,128,139,'client','6','2020-03-24 14:46:02','chat','PatrickzA|Az553499744352'),(1050,'false_553499744352-1585068808@g.us_3EB049CD5917A2F61CF7','whatsapp',NULL,130,141,'client','3','2020-03-24 14:46:03','chat','[GRUPO] testyezA|Az553499744352'),(1051,'false_553499744352-1585068808@g.us_3EB05EA0627DB5F85E32','whatsapp',NULL,131,142,'client','1','2020-03-24 14:47:42','chat','[GRUPO] testyezA|Az553499744352'),(1052,'false_553499744352-1585068808@g.us_3EB0C47F4A1A957550C4','whatsapp',NULL,132,143,'client','2','2020-03-24 14:47:44','chat','[GRUPO] testyezA|Az553499744352'),(1053,'false_553499744352-1585068808@g.us_3EB0EA61551DDD1B8DD8','whatsapp',NULL,133,144,'client','3','2020-03-24 14:47:45','chat','[GRUPO] testyezA|Az553499744352'),(1054,'false_553499776500-1585062493@g.us_3EB07431EFFBC4B2587E','whatsapp',NULL,134,145,'client','@553491681536 boa tarde! Assim q tiver um parecer ou caso precisar de algo, me avise.','2020-03-24 14:54:00','chat','[GRUPO] Suporte Telek x FGFzA|Az553499068345'),(1055,'false_553499776500-1585062493@g.us_3EB0141E733DA8DC1D68','whatsapp',NULL,134,145,'client','sim ja te retorno hoje ainda os chips aparentemente estão ok vendo quanto a discagem','2020-03-24 14:54:15','chat','marcotuliosantosbzA|Az553491681536'),(1056,'false_553499776500-1585062493@g.us_3EB01582E3E0B2B3BC4E','whatsapp',NULL,134,145,'client','ok, obrigado','2020-03-24 14:55:49','chat','Alex RodrigueszA|Az553499068345'),(1057,'false_553491681654-1562870347@g.us_3A64A4B7DC8AF69A2EE5','whatsapp',NULL,135,110,'client','Como está a distribuição de chamadas para o grupo suporte?','2020-03-24 15:25:15','chat','Lil StatezA|Az553497698581'),(1058,'false_553491681654-1562870347@g.us_3EB069BDCB72304587A4','whatsapp',NULL,135,110,'client','Opa','2020-03-24 15:29:21','chat','Fernando.zA|Az553492237850'),(1059,'false_553491681654-1562870347@g.us_3EB0C45AF8A49B6F7971','whatsapp',NULL,135,110,'client','tá discando em todos do grupo de suporte','2020-03-24 15:30:16','chat','Fernando.zA|Az553492237850'),(1060,'false_553491681654-1562870347@g.us_3EB0F56AB02DBF6D2B84','whatsapp',NULL,135,110,'client','@553497698581','2020-03-24 15:30:19','chat','Fernando.zA|Az553492237850'),(1061,'false_553491681654-1562870347@g.us_3AF508159A9580F2ECFB','whatsapp',NULL,135,110,'client','E por que o pessoal do suporte me relatou agora a pouco a chamada está caindo em grande quantidade para um colaborador.','2020-03-24 15:32:00','chat','Lil StatezA|Az553497698581'),(1062,'false_553491681654-1562870347@g.us_3AF7FB15CD4F967497CB','whatsapp',NULL,135,110,'client','Tem algum painel onde eu possa ver as ligações','2020-03-24 15:32:01','chat','Lil StatezA|Az553497698581'),(1063,'false_553491681654-1562870347@g.us_3EB00DF49E7B394031BD','whatsapp',NULL,135,110,'client','quem atende primeiro, desliga o restante','2020-03-24 15:32:04','chat','Fernando.zA|Az553492237850'),(1064,'false_553491681654-1562870347@g.us_3EB0991FE055522E8610','whatsapp',NULL,135,110,'client','em tempo real ?','2020-03-24 15:33:36','chat','Fernando.zA|Az553492237850'),(1065,'false_553491681654-1562870347@g.us_3AD988E8ABA5E779EC6A','whatsapp',NULL,135,110,'client','Isso','2020-03-24 15:36:38','chat','Lil StatezA|Az553497698581'),(1066,'false_553491681654-1562870347@g.us_3EB0FB2014434B0DDC73','whatsapp',NULL,135,110,'client','Tem sim','2020-03-24 15:46:56','chat','Fernando.zA|Az553492237850'),(1067,'false_553499776500-1585062493@g.us_3EB09311981668E553E3','whatsapp',NULL,134,145,'client','@553499068345 se tem um dia de referencia q estava demorando mt pra serem atendidos? to pegando entre o dia 2 e 5 desse mes caso a caso','2020-03-24 15:47:08','chat','marcotuliosantosbzA|Az553491681536'),(1068,'false_553491681654-1562870347@g.us_3EB02FDD07D236979EE4','whatsapp',NULL,135,110,'client','Só entrar no painel web do sistema','2020-03-24 15:47:18','chat','Fernando.zA|Az553492237850'),(1069,'false_553491681654-1562870347@g.us_3EB028DAE1777752EE65','whatsapp',NULL,135,110,'client','https://firebasestorage.googleapis.com/v0/b/app-chat-api-com.appspot.com/o/2020%2F3%2F24%2F8a311353-4f94-4091-bc45-a53416d567a0.jpeg?alt=media&token=87fe0faf-41ad-482f-947b-1a73df9f2077','2020-03-24 15:47:27','image','Fernando.zA|Az553492237850'),(1070,'false_553491681654-1562870347@g.us_3EB04D37D6594DB4893C','whatsapp',NULL,135,110,'client','Caso não tenho usuario, me avise','2020-03-24 15:47:48','chat','Fernando.zA|Az553492237850'),(1071,'false_553499776500-1585062493@g.us_3EB04412BAA96E1C978A','whatsapp',NULL,134,145,'client','acredito q foi na segunda q tivemos o problema com os chips, de segunda pra frente, todos os dias com esperas críticas, acima de 3min','2020-03-24 15:48:37','chat','Alex RodrigueszA|Az553499068345'),(1072,'false_553499776500-1585062493@g.us_3EB03D983110AB0680C8','whatsapp',NULL,134,145,'client','anterior a isso, sempre de 2 a 3 min de espera','2020-03-24 15:48:53','chat','Alex RodrigueszA|Az553499068345'),(1073,'false_553491681654-1562870347@g.us_3EB0C3E213AB6011B162','whatsapp',NULL,135,110,'client','Lá aparece todos os ramais','2020-03-24 15:50:00','chat','Fernando.zA|Az553492237850'),(1074,'false_553491681654-1562870347@g.us_3EB015AA97B7C74C4050','whatsapp',NULL,135,110,'client','https://firebasestorage.googleapis.com/v0/b/app-chat-api-com.appspot.com/o/2020%2F3%2F24%2Fa094410c-87e9-43cf-9909-cc61ad77780e.jpeg?alt=media&token=9bdaf027-4401-4acf-a4fc-a8c4eba4e822','2020-03-24 15:50:39','image','Fernando.zA|Az553492237850'),(1075,'false_553491681654-1562870347@g.us_3EB08F587F4E916A8398','whatsapp',NULL,135,110,'client','Pode ser que os ramais estejam com nomes errados, ou desatualizados, se precisar, só me passar uma lista que renomeio eles para você ?','2020-03-24 15:50:56','chat','Fernando.zA|Az553492237850'),(1076,'false_553491681654-1562870347@g.us_3EB07F7AEAD96B42C8D8','whatsapp',NULL,135,110,'client','tem como liberar esse painel para mim:','2020-03-24 15:51:28','chat','Carlos HenriquezA|Az553498868641'),(1077,'false_553491681654-1562870347@g.us_3EB00C21E1560B94753C','whatsapp',NULL,135,110,'client','?','2020-03-24 15:51:43','chat','Carlos HenriquezA|Az553498868641'),(1078,'false_553491681654-1562870347@g.us_3EB037BBEFF7B9FF896F','whatsapp',NULL,135,110,'client','qual o seu user ?','2020-03-24 15:51:44','chat','Fernando.zA|Az553492237850'),(1079,'false_553491681654-1562870347@g.us_3A0C6E1AFF7BA2B95D20','whatsapp',NULL,135,110,'client','Faz um usuário para o TI carlos','2020-03-24 15:51:56','chat','Lil StatezA|Az553497698581'),(1080,'false_553491681654-1562870347@g.us_3EB082FE2E9B827C9BDE','whatsapp',NULL,135,110,'client','https://firebasestorage.googleapis.com/v0/b/app-chat-api-com.appspot.com/o/2020%2F3%2F24%2F83a79e46-0a3e-4b9d-8639-ebd0c6f0f57d.jpeg?alt=media&token=1ec3838c-c060-4162-8f1c-a7077009a61e','2020-03-24 15:52:16','image','Fernando.zA|Az553492237850'),(1081,'false_553491681654-1562870347@g.us_3EB0DE7DDA295F0079DD','whatsapp',NULL,135,110,'client','já tem um','2020-03-24 15:52:40','chat','Fernando.zA|Az553492237850'),(1082,'false_553491681654-1562870347@g.us_3EB0C27504404EAA8A0D','whatsapp',NULL,135,110,'client','multi','2020-03-24 15:52:41','chat','Carlos HenriquezA|Az553498868641'),(1083,'false_553491681654-1562870347@g.us_3EB0A461A2189B465708','whatsapp',NULL,135,110,'client','pode alterar a senha para vocês ?','2020-03-24 15:52:42','chat','Fernando.zA|Az553492237850'),(1084,'false_553491681654-1562870347@g.us_3EB0FDA801820BAA7B8C','whatsapp',NULL,135,110,'client','tenho acesso ja','2020-03-24 15:52:43','chat','Carlos HenriquezA|Az553498868641'),(1085,'false_553491681654-1562870347@g.us_3EB0F6FCE7E3B288322E','whatsapp',NULL,135,110,'client','usuario multi','2020-03-24 15:52:44','chat','Carlos HenriquezA|Az553498868641'),(1086,'false_553491681654-1562870347@g.us_3EB0DD3EE3FA2BDCB658','whatsapp',NULL,135,110,'client','pera, vou liberar','2020-03-24 15:52:46','chat','Fernando.zA|Az553492237850'),(1087,'false_553491681654-1562870347@g.us_3EB09C17AAD2F7C4E89F','whatsapp',NULL,135,110,'client','@553498868641','2020-03-24 15:56:58','chat','Fernando.zA|Az553492237850'),(1088,'false_553491681654-1562870347@g.us_3EB03227B70FA45695D3','whatsapp',NULL,135,110,'client','da f5 na pagina, e segue esse caminho','2020-03-24 15:57:10','chat','Fernando.zA|Az553492237850'),(1089,'false_553491681654-1562870347@g.us_3AE9F5BF58B357F52A61','whatsapp',NULL,135,110,'client','Agora simm','2020-03-24 15:58:25','chat','Lil StatezA|Az553497698581'),(1090,'false_553491681654-1562870347@g.us_3EB08EC112DC35AFD315','whatsapp',NULL,135,110,'client','top','2020-03-24 16:00:11','chat','Fernando.zA|Az553492237850'),(1091,'false_553491681654-1562870347@g.us_3A193EBEA292D207B9CF','whatsapp',NULL,135,110,'client','Fernando muito obrigado ????????','2020-03-24 16:00:18','chat','Lil StatezA|Az553497698581'),(1092,'false_553491681654-1562870347@g.us_3EB058B19702D0ECAF4B','whatsapp',NULL,135,110,'client','Se quiser atualizar o nome dos ramais','2020-03-24 16:00:37','chat','Fernando.zA|Az553492237850'),(1093,'false_553491681654-1562870347@g.us_3EB04A07214A57621FC0','whatsapp',NULL,135,110,'client','Só fazer a lista','2020-03-24 16:00:38','chat','Fernando.zA|Az553492237850'),(1094,'false_553491681654-1562870347@g.us_3EB09268ECAEA0A97B58','whatsapp',NULL,135,110,'client','Com os nomes correto','2020-03-24 16:00:41','chat','Fernando.zA|Az553492237850'),(1095,'false_553491681654-1562870347@g.us_3EB09923348802628DFA','whatsapp',NULL,135,110,'client','abrass','2020-03-24 16:01:06','chat','Fernando.zA|Az553492237850'),(1096,'false_553491681654-1562870347@g.us_11A1387C96E75C1ABB06C2226D75C','whatsapp',NULL,135,110,'client','Liguei agora pro suporte','2020-03-24 16:04:43','chat','MuriloaugzA|Az553496959292'),(1097,'false_553491681654-1562870347@g.us_3B610F22B93873F4CC924A48553CD','whatsapp',NULL,135,110,'client','Não chamou em todos os ramais','2020-03-24 16:04:44','chat','MuriloaugzA|Az553496959292'),(1098,'false_553491681654-1562870347@g.us_3EB0D5526BA7E314428D','whatsapp',NULL,135,110,'client','me confirma todos por favor','2020-03-24 16:05:31','chat','Fernando.zA|Az553492237850'),(1099,'false_553491681654-1562870347@g.us_3EB05731A8B95B55B319','whatsapp',NULL,135,110,'client','1046\n1050\n1034\n1049\n1035\n1052\n1051\n1033','2020-03-24 16:06:08','chat','Fernando.zA|Az553492237850'),(1100,'false_553491681654-1562870347@g.us_3EB03AFE5F08546045C5','whatsapp',NULL,135,110,'client','são esses ?','2020-03-24 16:06:09','chat','Fernando.zA|Az553492237850'),(1101,'false_553491681654-1562870347@g.us_36329FF17D7D78246F36CF26F65C4','whatsapp',NULL,135,110,'client','Isso','2020-03-24 16:06:43','chat','MuriloaugzA|Az553496959292'),(1102,'false_553491681654-1562870347@g.us_3EB08DDC7F85D860134D','whatsapp',NULL,135,110,'client','eu vi aqui','2020-03-24 16:13:23','chat','Fernando.zA|Az553492237850'),(1103,'false_553491681654-1562870347@g.us_3EB0FA68E35C523E44A2','whatsapp',NULL,135,110,'client','https://firebasestorage.googleapis.com/v0/b/app-chat-api-com.appspot.com/o/2020%2F3%2F24%2Fecd9e3ed-215a-49d8-956e-618c075083e0.jpeg?alt=media&token=5af4ef40-94b5-49a9-8b7a-14fa8dc83d72','2020-03-24 16:13:40','image','Fernando.zA|Az553492237850'),(1104,'false_553491681654-1562870347@g.us_3EB0B89EFEE513F2DE04','whatsapp',NULL,135,110,'client','eu vi que 1 está registrado, não com ip externo, e sim, interno','2020-03-24 16:14:00','chat','Fernando.zA|Az553492237850'),(1105,'false_553491681654-1562870347@g.us_3EB0B7811B55575FF116','whatsapp',NULL,135,110,'client','que é o 1051','2020-03-24 16:14:07','chat','Fernando.zA|Az553492237850'),(1106,'false_553491681654-1562870347@g.us_505292FCD858310BA4C186731FC5D','whatsapp',NULL,135,110,'client','https://firebasestorage.googleapis.com/v0/b/app-chat-api-com.appspot.com/o/2020%2F3%2F24%2F890b67fa-f535-4f7b-a622-d122a7c612e8.oga?alt=media&token=68d181fc-61f7-4018-a87f-f49d64f4faf6','2020-03-24 16:14:54','ptt','Fernando.zA|Az553492237850'),(1107,'false_553491681654-1562870347@g.us_8A2F9148F4F9DE12711EA99FF1BF3','whatsapp',NULL,135,110,'client','https://firebasestorage.googleapis.com/v0/b/app-chat-api-com.appspot.com/o/2020%2F3%2F24%2Fa852cfeb-7dac-4e90-b755-4cb4ade2b72e.oga?alt=media&token=4c1111c7-6dd8-4b31-9153-8431424526ab','2020-03-24 16:15:26','ptt','Fernando.zA|Az553492237850'),(1108,'false_553491681654-1562870347@g.us_B3FCD883D315E7B57F38BBFFDA497','whatsapp',NULL,135,110,'client','https://firebasestorage.googleapis.com/v0/b/app-chat-api-com.appspot.com/o/2020%2F3%2F24%2F8be5ecd6-d53e-4362-9de3-61b21886a2c1.oga?alt=media&token=620efe73-5118-4be2-8ca7-9f25b0480b4b','2020-03-24 16:15:50','ptt','Fernando.zA|Az553492237850'),(1109,'false_553491681654-1562870347@g.us_3EB08EAD967E65A12F1E','whatsapp',NULL,135,110,'client','Vc sabe me informar se tem algum app para Iphone','2020-03-24 16:16:41','chat','Carlos HenriquezA|Az553498868641'),(1110,'false_553491681654-1562870347@g.us_C6CA2AF72842FDB73B1F1033CE389','whatsapp',NULL,135,110,'client','Os que não tocaram foram justamente esses','2020-03-24 16:16:49','chat','MuriloaugzA|Az553496959292'),(1111,'false_553491681654-1562870347@g.us_4D491473AEC084D78BAD6CBFDFAE2','whatsapp',NULL,135,110,'client','Mas além deles teve também o 1035','2020-03-24 16:16:58','chat','MuriloaugzA|Az553496959292'),(1112,'false_553491681654-1562870347@g.us_267EBE4B2AAEC530F8B1B4777FFDB','whatsapp',NULL,135,110,'client','Que não tocou','2020-03-24 16:17:01','chat','MuriloaugzA|Az553496959292'),(1113,'false_553491681654-1562870347@g.us_A57AFB37269BED09D0D344C63A33E','whatsapp',NULL,135,110,'client','https://firebasestorage.googleapis.com/v0/b/app-chat-api-com.appspot.com/o/2020%2F3%2F24%2Fd98caba0-6a9f-4b68-aa0a-b6d82d0926e2.oga?alt=media&token=4130ec7a-3225-430a-8b05-f7b6dee5c9e4','2020-03-24 16:17:33','ptt','Fernando.zA|Az553492237850'),(1114,'false_553491681654-1562870347@g.us_BF8D75493BF7D865125C83BDDF0D4','whatsapp',NULL,135,110,'client','Eita','2020-03-24 16:18:26','chat','MuriloaugzA|Az553496959292'),(1115,'false_553491681654-1562870347@g.us_70DB4E3E8759F122852DF33320C21','whatsapp',NULL,135,110,'client','Pera ai  vou ver se o Rodrigo sabe','2020-03-24 16:18:27','chat','Fernando.zA|Az553492237850'),(1116,'false_553491681654-1562870347@g.us_554B10AB1015F31AAB2DCF1647F89','whatsapp',NULL,135,110,'client','Então deu ruim','2020-03-24 16:18:28','chat','MuriloaugzA|Az553496959292'),(1117,'false_553491681654-1562870347@g.us_3EB0EED851F6AE0C914B','whatsapp',NULL,135,110,'client','O zoiper tem horas que loga e perde conexão','2020-03-24 16:18:33','chat','Carlos HenriquezA|Az553498868641'),(1118,'false_553491681654-1562870347@g.us_3EB0BA3F044F73C54A32','whatsapp',NULL,135,110,'client','sem contar que em 2 plano ta bloqueando','2020-03-24 16:18:53','chat','Carlos HenriquezA|Az553498868641'),(1119,'false_553491681654-1562870347@g.us_4BBD6D89CD6EF35FD143C2E278B25','whatsapp',NULL,135,110,'client','Kkkkkkk','2020-03-24 16:19:02','chat','Fernando.zA|Az553492237850'),(1120,'false_553491681654-1562870347@g.us_099FF45604026FDAA72C50DE148FF','whatsapp',NULL,135,110,'client','Sei bem como é','2020-03-24 16:19:13','chat','Fernando.zA|Az553492237850'),(1121,'false_553491681654-1562870347@g.us_9434ED2FE082E0FCD993CE0337FD0','whatsapp',NULL,135,110,'client','Vou ver se o rodrigo sabe de um','2020-03-24 16:19:24','chat','Fernando.zA|Az553492237850'),(1122,'false_553491681654-1562870347@g.us_3AD175F753D93C4637B4','whatsapp',NULL,135,110,'client','Tenta o bria','2020-03-24 16:19:59','chat','Lil StatezA|Az553497698581'),(1123,'false_553491681654-1562870347@g.us_3AF9DD0F8F72E7A998BC','whatsapp',NULL,135,110,'client','O meu não falha de jeito nenhum','2020-03-24 16:20:00','chat','Lil StatezA|Az553497698581'),(1124,'false_553491681654-1562870347@g.us_3AC5F89EE8DC6CCED564','whatsapp',NULL,135,110,'client','Não sei se para Android e free','2020-03-24 16:20:02','chat','Lil StatezA|Az553497698581'),(1125,'false_553491681654-1562870347@g.us_3EB03066DE589498D592','whatsapp',NULL,135,110,'client','Ia falar Bria, mas acho que não funfa bem na versão grátis','2020-03-24 16:20:57','chat','Fernando.zA|Az553492237850'),(1126,'false_553491681654-1562870347@g.us_3EB0DF2DB4635886612C','whatsapp',NULL,135,110,'client','Pessoal, tenta achar uma config no iphone','2020-03-24 16:22:15','chat','Fernando.zA|Az553492237850'),(1127,'false_553491681654-1562870347@g.us_3EB0533BA90C8B04049C','whatsapp',NULL,135,110,'client','pra liberar segundo plano pro aplicativo','2020-03-24 16:22:16','chat','Fernando.zA|Az553492237850'),(1128,'false_553491681654-1562870347@g.us_3EB0C35286EA13659076','whatsapp',NULL,135,110,'client','talvez resolva','2020-03-24 16:22:18','chat','Fernando.zA|Az553492237850'),(1129,'false_553499776500-1585062493@g.us_3EB0AD20770466165B85','whatsapp',NULL,134,145,'client','boa tarde pessoal','2020-03-24 16:23:51','chat','marcotuliosantosbzA|Az553491681536'),(1130,'false_553499776500-1585062493@g.us_3EB02FAF1FF19B768F0C','whatsapp',NULL,134,145,'client','estou terminando de colher os dados que o @553499776500 me pediu para repassar a vcs','2020-03-24 16:23:52','chat','marcotuliosantosbzA|Az553491681536'),(1131,'false_553499776500-1585062493@g.us_3EB0B7D8AA352CF5ECC7','whatsapp',NULL,134,145,'client','porem perdi o acesso a vpn','2020-03-24 16:23:53','chat','marcotuliosantosbzA|Az553491681536'),(1132,'false_553491681654-1562870347@g.us_3EB0C761B6C2CC3D8429','whatsapp',NULL,135,110,'client','Instala o bria, e vê se tem essa config','2020-03-24 16:23:54','chat','Fernando.zA|Az553492237850'),(1133,'false_553491681654-1562870347@g.us_3EB0C89F75709E70DC9C','whatsapp',NULL,135,110,'client','To sem iphone pra testar?','2020-03-24 16:23:58','chat','Fernando.zA|Az553492237850'),(1134,'false_553499776500-1585062493@g.us_3EB0B67150A7C6CDD654','whatsapp',NULL,134,145,'client','sabe nos diser se tem algo errado?','2020-03-24 16:24:03','chat','marcotuliosantosbzA|Az553491681536'),(1135,'false_553499776500-1585062493@g.us_3EB07083761BFE48C2C0','whatsapp',NULL,134,145,'client','tivemos um problema com o link de acesso da FGF, o TI já está analisando','2020-03-24 16:24:40','chat','Alex RodrigueszA|Az553499068345'),(1136,'false_553499776500-1585062493@g.us_3EB0957C2DEAF4397DC8','whatsapp',NULL,134,145,'client','blz','2020-03-24 16:24:41','chat','marcotuliosantosbzA|Az553491681536'),(1137,'false_553499776500-1585062493@g.us_3EB077416D943BB89396','whatsapp',NULL,134,145,'client','assim q voltar se me sinaliza','2020-03-24 16:24:42','chat','marcotuliosantosbzA|Az553491681536'),(1138,'false_553499776500-1585062493@g.us_3EB0AF6B6E428371C3EF','whatsapp',NULL,134,145,'client','para temrinar de pegar os dados?','2020-03-24 16:24:43','chat','marcotuliosantosbzA|Az553491681536'),(1139,'false_553499776500-1585062493@g.us_3EB06B0B981E2FE99CEE','whatsapp',NULL,134,145,'client','pode deixar','2020-03-24 16:24:47','chat','Alex RodrigueszA|Az553499068345'),(1140,'false_553499776500-1585062493@g.us_3EB0946835EC537E656B','whatsapp',NULL,134,145,'client','mt obrigado','2020-03-24 16:24:56','chat','marcotuliosantosbzA|Az553491681536'),(1141,'false_553491681654-1562870347@g.us_0D844BD9878CDB558933401707451','whatsapp',NULL,135,110,'client','https://firebasestorage.googleapis.com/v0/b/app-chat-api-com.appspot.com/o/2020%2F3%2F24%2Fa0bc6c5d-624e-41d1-8856-c789099c9329.oga?alt=media&token=0a3f094f-69f1-47c5-bedf-c93847d24ca1','2020-03-24 16:26:45','ptt','Fernando.zA|Az553492237850'),(1142,'false_553491681654-1562870347@g.us_D2BFADD443757479EEEC936139EB8','whatsapp',NULL,135,110,'client','@553496959292','2020-03-24 16:26:46','chat','Fernando.zA|Az553492237850'),(1143,'false_553499776500-1585062493@g.us_3AE5D612361E77E7B0D2','whatsapp',NULL,134,145,'client','@553491681536 peço avaliar pq mesmo 2 minutos é muito correto?','2020-03-24 16:27:54','chat','Wendel LobatozA|Az553499792366'),(1144,'false_553491681654-1562870347@g.us_5F635B9B8BB5407DDBB2A8B98C74F','whatsapp',NULL,135,110,'client','Entendi','2020-03-24 16:28:30','chat','MuriloaugzA|Az553496959292'),(1145,'false_553491681654-1562870347@g.us_15B00B9D778822CFCFC7BBA76FCBD','whatsapp',NULL,135,110,'client','Vou ver aqui','2020-03-24 16:28:33','chat','MuriloaugzA|Az553496959292'),(1146,'false_553499776500-1585062493@g.us_53F7F7839171516DA3A161EB0EDCD','whatsapp',NULL,134,145,'client','Sim mais meio q ja indentifiquei o motivo so terminar o relatorio q o rodrigo vai te passar tudo certinho e n e sistêmico mais acredito q posso ajudar resolver so terminar relatorio e o rodrigo ver ele vai falar contigo certinho','2020-03-24 16:29:37','chat','marcotuliosantosbzA|Az553491681536'),(1147,'false_553499776500-1585062493@g.us_54ED983167C89628657E957A1424D','whatsapp',NULL,134,145,'client','So n vou falar nada q n tenho certeza entao preciso do retante dos dados','2020-03-24 16:30:08','chat','marcotuliosantosbzA|Az553491681536'),(1148,'false_553491681654-1562870347@g.us_3EB092416EB0A1ECB407','whatsapp',NULL,135,110,'client','https://firebasestorage.googleapis.com/v0/b/app-chat-api-com.appspot.com/o/2020%2F3%2F24%2F92e1852a-a4cf-4532-b5c9-6dc80d81d32c.oga?alt=media&token=28cc11f0-08c4-44e4-bf74-e1537c16c6b0','2020-03-24 16:30:39','audio','Fernando.zA|Az553492237850'),(1149,'false_553491681654-1562870347@g.us_3EB085791C7A570E6E1B','whatsapp',NULL,135,110,'client','@553496959292','2020-03-24 16:30:43','chat','Fernando.zA|Az553492237850'),(1150,'false_553491681654-1562870347@g.us_3EB0436813879EBD40E7','whatsapp',NULL,135,110,'client','Escute por favor','2020-03-24 16:30:45','chat','Fernando.zA|Az553492237850'),(1151,'false_553491681654-1562870347@g.us_FC0858D1DF66000FE3C1C78ABF2AB','whatsapp',NULL,135,110,'client','https://firebasestorage.googleapis.com/v0/b/app-chat-api-com.appspot.com/o/2020%2F3%2F24%2F2b7ec9ce-dc1d-45b2-832a-b5977086611d.jpeg?alt=media&token=de9d1b25-69c6-405d-a4ed-95e7e0fef7d7','2020-03-24 16:33:18','image','Carlos HenriquezA|Az553498868641'),(1152,'false_553499776500-1585062493@g.us_3A932B4D1C06F33CD4EF','whatsapp',NULL,134,145,'client','Ok','2020-03-24 16:33:34','chat','Wendel LobatozA|Az553499792366'),(1153,'false_553491681654-1562870347@g.us_7456BE38AD1C037EE698444C99912','whatsapp',NULL,135,110,'client','O problema que o zoiper para de registar mesmo aberto','2020-03-24 16:33:39','chat','Carlos HenriquezA|Az553498868641'),(1154,'false_553499776500-1585062493@g.us_3AD4AEFDBC8B0082B24A','whatsapp',NULL,134,145,'client','Obrigado','2020-03-24 16:33:40','chat','Wendel LobatozA|Az553499792366'),(1155,'false_553491681654-1562870347@g.us_3EB0E1C56619CA983933','whatsapp',NULL,135,110,'client','Em celular é complicado','2020-03-24 16:34:54','chat','Fernando.zA|Az553492237850'),(1156,'false_553491681654-1562870347@g.us_5DCD365044F4A2A0338607602A1BA','whatsapp',NULL,135,110,'client','De todo jeito dá ruim','2020-03-24 16:34:55','chat','MuriloaugzA|Az553496959292'),(1157,'false_553491681654-1562870347@g.us_3EB0005D0636F541B5CB','whatsapp',NULL,135,110,'client','não é melhor falar pra eles usar o pc ?','2020-03-24 16:35:04','chat','Fernando.zA|Az553492237850'),(1158,'false_553491681654-1562870347@g.us_3EB02C721C0A73354C7C','whatsapp',NULL,135,110,'client','de casa talvez.','2020-03-24 16:35:05','chat','Fernando.zA|Az553492237850'),(1159,'false_553491681654-1562870347@g.us_3EB0180077BCEDB4F40B','whatsapp',NULL,135,110,'client','kkkkkk','2020-03-24 16:35:06','chat','Fernando.zA|Az553492237850'),(1160,'false_553491681654-1562870347@g.us_17064A3E09EE33F8D4A2DFF6356A2','whatsapp',NULL,135,110,'client','Em celular via wifi quase impossível funcionar corretamente como falei anteriormente','2020-03-24 16:35:22','chat','marcotuliosantosbzA|Az553491681536'),(1161,'false_553491681654-1562870347@g.us_3A7140250C42EF3C9B9C','whatsapp',NULL,135,110,'client','https://firebasestorage.googleapis.com/v0/b/app-chat-api-com.appspot.com/o/2020%2F3%2F24%2Fd97fa0c4-48df-4be6-9f30-db7c324e0a39.oga?alt=media&token=40a3482c-ef9f-4b09-b671-054688d7ed51','2020-03-24 16:35:38','ptt','Lil StatezA|Az553497698581'),(1162,'false_553491681654-1562870347@g.us_3EB0A2F427888C4C11B9','whatsapp',NULL,135,110,'client','A, show de bola','2020-03-24 16:36:33','chat','Fernando.zA|Az553492237850'),(1163,'false_553491681654-1562870347@g.us_3EB0F0D77184D769BDE6','whatsapp',NULL,135,110,'client','baratinho então','2020-03-24 16:36:34','chat','Fernando.zA|Az553492237850'),(1164,'false_553491681654-1562870347@g.us_3EB08D9DCF1A4A38F534','whatsapp',NULL,135,110,'client','pensei que fosse uns 20','2020-03-24 16:36:35','chat','Fernando.zA|Az553492237850'),(1165,'false_553491681654-1562870347@g.us_FE213582425EACEDE94553262BB57','whatsapp',NULL,135,110,'client','Com softphone pago tauvez funcione na medida do possível mais tem q ter uma rede boa em casa','2020-03-24 16:37:54','chat','marcotuliosantosbzA|Az553491681536'),(1166,'false_553491681654-1562870347@g.us_3AD50C6C215806AB2377','whatsapp',NULL,135,110,'client','https://firebasestorage.googleapis.com/v0/b/app-chat-api-com.appspot.com/o/2020%2F3%2F24%2Fe61ab769-3f51-4593-8758-db407982cad2.jpeg?alt=media&token=cfa7282e-8af8-4a2c-a9dd-98a129d7a008','2020-03-24 16:38:53','image','Lil StatezA|Az553497698581'),(1167,'false_553491681654-1562870347@g.us_BBE21C4C34396A4DEBC8E749FF926','whatsapp',NULL,135,110,'client','No android só tem esses 2','2020-03-24 16:43:20','chat','Carlos HenriquezA|Az553498868641'),(1168,'false_553499571230-1504619857@g.us_109FCA2677C2D40AE168503D0D1C7','whatsapp',NULL,96,111,'client','https://firebasestorage.googleapis.com/v0/b/app-chat-api-com.appspot.com/o/2020%2F3%2F24%2F1833b3f4-2680-4bbc-95a3-fef581366ee6.jpeg?alt=media&token=eaad2b4a-faac-4707-baca-8231310e7544','2020-03-24 17:03:09','image','Abner AlveszA|Az553491782828'),(1169,'false_553499571230-1504619857@g.us_8C13EED4E9ED8B7D4DFDA64CBCECD','whatsapp',NULL,96,111,'client','Boa tarde','2020-03-24 17:03:13','chat','Abner AlveszA|Az553491782828'),(1170,'false_553499571230-1504619857@g.us_1F28AF45379D2BA842222B237F4A3','whatsapp',NULL,96,111,'client','Pessoal','2020-03-24 17:03:14','chat','Abner AlveszA|Az553491782828'),(1171,'false_553499571230-1504619857@g.us_56011ADAD9D6B9E323D77A3F67051','whatsapp',NULL,96,111,'client','Essa pausa do operador Paulo Cesar','2020-03-24 17:03:24','chat','Abner AlveszA|Az553491782828'),(1172,'false_553499571230-1504619857@g.us_9EB7754D73CC9276440724DC7E49E','whatsapp',NULL,96,111,'client','Vcs sabem me informar sobre ela?','2020-03-24 17:03:33','chat','Abner AlveszA|Az553491782828'),(1173,'false_553499571230-1504619857@g.us_3EB0656DF51BD2684848','whatsapp',NULL,96,111,'client','Boa tarde','2020-03-24 17:04:39','chat','Fernando.zA|Az553492237850'),(1174,'false_553499571230-1504619857@g.us_3EB015097505EF152258','whatsapp',NULL,96,111,'client','Seria o que significa ?','2020-03-24 17:04:47','chat','Fernando.zA|Az553492237850'),(1175,'false_553499571230-1504619857@g.us_420DF5D623B4614F619A90C7D4210','whatsapp',NULL,96,111,'client','Isso','2020-03-24 17:04:52','chat','Abner AlveszA|Az553491782828'),(1176,'false_553499571230-1504619857@g.us_E92754C5AB907768E887623192BE4','whatsapp',NULL,96,111,'client','Só é pausa','2020-03-24 17:04:55','chat','Abner AlveszA|Az553491782828'),(1177,'false_553499571230-1504619857@g.us_EC8CE18EEB3DAEB81EFA9D1F1A078','whatsapp',NULL,96,111,'client','Mas não sei se é feedback','2020-03-24 17:05:03','chat','Abner AlveszA|Az553491782828'),(1178,'false_553499571230-1504619857@g.us_E6CBB4DA64D0DB6A1E4067A62C165','whatsapp',NULL,96,111,'client','Descanso','2020-03-24 17:05:04','chat','Abner AlveszA|Az553491782828'),(1179,'false_553499571230-1504619857@g.us_CFAE8576421D77DE5E0DCBDB46344','whatsapp',NULL,96,111,'client','Reuniao','2020-03-24 17:05:11','chat','Abner AlveszA|Az553491782828'),(1180,'false_553499571230-1504619857@g.us_B4944E513591FD1BF548F1349C5EB','whatsapp',NULL,96,111,'client','Produtiva','2020-03-24 17:05:12','chat','Abner AlveszA|Az553491782828'),(1181,'false_553499571230-1504619857@g.us_B1740D1878F19B03FB69F994B5870','whatsapp',NULL,96,111,'client','Fica genérica','2020-03-24 17:05:16','chat','Abner AlveszA|Az553491782828'),(1182,'false_553499571230-1504619857@g.us_808E422321E47130978E31CAE7D3B','whatsapp',NULL,96,111,'client','E como o cara consegue colocar essa pausa?','2020-03-24 17:05:23','chat','Abner AlveszA|Az553491782828'),(1183,'false_553499571230-1504619857@g.us_3EB0EB43F73C970EC547','whatsapp',NULL,96,111,'client','Só um momento abner','2020-03-24 17:07:27','chat','Fernando.zA|Az553492237850'),(1184,'false_553499571230-1504619857@g.us_3EB0E88D1CE675806B48','whatsapp',NULL,96,111,'client','@553491782828 estou analisando','2020-03-24 17:20:47','chat','Fernando.zA|Az553492237850'),(1185,'false_553499571230-1504619857@g.us_3EB0C7F1D54931F5AA59','whatsapp',NULL,96,111,'client','Aconteceu isso com mais pessoas ?','2020-03-24 17:21:02','chat','Fernando.zA|Az553492237850'),(1186,'false_553499571230-1504619857@g.us_AF466A16A911DB490486099DB4FC6','whatsapp',NULL,96,111,'client','Sim','2020-03-24 17:25:23','chat','Abner AlveszA|Az553491782828'),(1187,'false_553499571230-1504619857@g.us_7A8851E48D72EED19817872644B65','whatsapp',NULL,96,111,'client','Já tem alguns dias','2020-03-24 17:25:28','chat','Abner AlveszA|Az553491782828'),(1188,'false_553499571230-1504619857@g.us_D0ED8B58362D991BD55546B695180','whatsapp',NULL,96,111,'client','Que venho observando','2020-03-24 17:25:38','chat','Abner AlveszA|Az553491782828'),(1189,'false_553499776500-1585062493@g.us_3EB00989D07B6C39A783','whatsapp',NULL,134,145,'client','Acesso restabelecido','2020-03-24 17:42:09','chat','Alex RodrigueszA|Az553499068345'),(1190,'false_553499776500-1585062493@g.us_3EB00500A53BBDB74FB1','whatsapp',NULL,134,145,'client','ok obrigado','2020-03-24 17:42:37','chat','marcotuliosantosbzA|Az553491681536'),(1191,'false_553499776500-1585062493@g.us_3EB0540624138BFADB90','whatsapp',NULL,134,145,'client','entrando agora','2020-03-24 17:42:40','chat','marcotuliosantosbzA|Az553491681536'),(1192,'false_553499571230-1504619857@g.us_3EB03F866C9CFCFFE22E','whatsapp',NULL,96,111,'client','Verifiquei aqui, e a mesma, é uma pausa do sistema , de que quando a tela do agente para de se *comunicar* adequadamente com o servidor.\npode me informar, se o agent está trabalhando remotamente?\n\nPeço que me deixe acompanhar o mesmo amanhã de manhã. Para ','2020-03-24 17:52:17','chat','Fernando.zA|Az553492237850'),(1193,'false_553499776500-1585062493@g.us_3EB0F6F623495BC24CE0','whatsapp',NULL,134,145,'client','ok','2020-03-25 09:37:26','chat','Alex RodrigueszA|Az553499068345'),(1194,'false_553499776500-1585062493@g.us_3A69CE80CC88ECB6096E','whatsapp',NULL,134,145,'client','https://firebasestorage.googleapis.com/v0/b/app-chat-api-com.appspot.com/o/2020%2F3%2F25%2Fed60fcbc-9470-4d8a-8e9c-616073055f27.oga?alt=media&token=1a219514-6566-435a-885d-b91d11ebf8c4','2020-03-25 10:09:26','ptt','Rodrigo Borges AlmeidazA|Az553499776500'),(1195,'false_553499776500-1585062493@g.us_3A119993C1DAF9E25C0B','whatsapp',NULL,134,145,'client','@553499068345 @553499792366','2020-03-25 10:09:31','chat','Rodrigo Borges AlmeidazA|Az553499776500'),(1196,'false_553499776500-1585062493@g.us_3EB08159363C6AE8F539','whatsapp',NULL,134,145,'client','ok','2020-03-25 10:12:28','chat','Alex RodrigueszA|Az553499068345'),(1197,'false_553499776500-1585062493@g.us_3A6C240B85729C0CA631','whatsapp',NULL,134,145,'client','Pessoal terminei as análises aqui, que horas fica bom para vocês @553499792366 e @553499068345 para fazermos a conferência?','2020-03-25 12:00:52','chat','Rodrigo Borges AlmeidazA|Az553499776500'),(1198,'false_553499776500-1585062493@g.us_3A68DEE701AD753D39F3','whatsapp',NULL,134,145,'client','Por mim pode ser agora','2020-03-25 12:03:50','chat','Wendel LobatozA|Az553499792366'),(1199,'false_553499776500-1585062493@g.us_3EB0723AE8BAB80C8023','whatsapp',NULL,134,145,'client','pode ser','2020-03-25 12:04:12','chat','Alex RodrigueszA|Az553499068345'),(1200,'false_553499776500-1585062493@g.us_3AE06AFF19E2755CBA7C','whatsapp',NULL,134,145,'client','Ótimo','2020-03-25 12:06:55','chat','Rodrigo Borges AlmeidazA|Az553499776500'),(1201,'false_553499776500-1585062493@g.us_3A9FE4808D1E08E1D642','whatsapp',NULL,134,145,'client','Já chamo vocês','2020-03-25 12:07:15','chat','Rodrigo Borges AlmeidazA|Az553499776500'),(1202,'false_553499776500-1585062493@g.us_3AFA76E46EC8255195ED','whatsapp',NULL,134,145,'client','Ok','2020-03-25 12:07:20','chat','Wendel LobatozA|Az553499792366'),(1203,'false_553499776500-1585062493@g.us_EAEFD121353A9586B5E11C76629FE','whatsapp',NULL,134,145,'client','Não estou ouvindo','2020-03-25 12:10:08','chat','Alex RodrigueszA|Az553499068345'),(1204,'false_553499776500-1585062493@g.us_820A666378B27701F59720A358F6F','whatsapp',NULL,134,145,'client','@553499776500','2020-03-25 12:10:09','chat','Alex RodrigueszA|Az553499068345');
/*!40000 ALTER TABLE `messages` ENABLE KEYS */;
UNLOCK TABLES;

--
-- Table structure for table `pauses`
--

DROP TABLE IF EXISTS `pauses`;
/*!40101 SET @saved_cs_client     = @@character_set_client */;
/*!40101 SET character_set_client = utf8 */;
CREATE TABLE `pauses` (
  `pause_id` int(4) NOT NULL AUTO_INCREMENT,
  `pause_name` varchar(64) NOT NULL,
  `pause_limit` time DEFAULT NULL,
  PRIMARY KEY (`pause_id`)
) ENGINE=InnoDB AUTO_INCREMENT=18 DEFAULT CHARSET=latin1;
/*!40101 SET character_set_client = @saved_cs_client */;

--
-- Dumping data for table `pauses`
--

LOCK TABLES `pauses` WRITE;
/*!40000 ALTER TABLE `pauses` DISABLE KEYS */;
INSERT INTO `pauses` VALUES (9,'Banheiro','00:04:00'),(11,'    Almoço','01:00:00'),(15,'Pessoal','00:00:00'),(16,'Treinamento','00:00:00'),(17,'Cotação','00:10:00');
/*!40000 ALTER TABLE `pauses` ENABLE KEYS */;
UNLOCK TABLES;

--
-- Table structure for table `sessions`
--

DROP TABLE IF EXISTS `sessions`;
/*!40101 SET @saved_cs_client     = @@character_set_client */;
/*!40101 SET character_set_client = utf8 */;
CREATE TABLE `sessions` (
  `sid` varchar(255) COLLATE utf8_unicode_ci NOT NULL,
  `session` text COLLATE utf8_unicode_ci NOT NULL,
  `expires` int(11) DEFAULT NULL,
  PRIMARY KEY (`sid`)
) ENGINE=InnoDB DEFAULT CHARSET=utf8 COLLATE=utf8_unicode_ci;
/*!40101 SET character_set_client = @saved_cs_client */;

--
-- Dumping data for table `sessions`
--

LOCK TABLES `sessions` WRITE;
/*!40000 ALTER TABLE `sessions` DISABLE KEYS */;
INSERT INTO `sessions` VALUES ('0hQ1czhboEwnWn7clgHGC2L5EIc5W5sF','{\"cookie\":{\"originalMaxAge\":900000,\"expires\":\"2020-03-25T15:52:10.682Z\",\"secure\":true,\"httpOnly\":false,\"path\":\"/\"}}',1585151531),('SeuW18PCO0xd_ObOI_Gq1du-QgYRU2c0','{\"cookie\":{\"originalMaxAge\":259199971,\"expires\":\"2020-03-26T01:55:20.051Z\",\"secure\":false,\"httpOnly\":false,\"path\":\"/\"},\"logged\":{\"email\":\"rodrigo@telek.com.br\",\"password\":\"k0nt4c\"}}',1585187720),('u6jq7YfFWqVlm3A3OIApumqdgEt-hZiE','{\"cookie\":{\"originalMaxAge\":259199925,\"expires\":\"2020-03-28T12:35:21.600Z\",\"secure\":false,\"httpOnly\":false,\"path\":\"/\"},\"logged\":false}',1585398922);
/*!40000 ALTER TABLE `sessions` ENABLE KEYS */;
UNLOCK TABLES;

--
-- Table structure for table `ticket_log`
--

DROP TABLE IF EXISTS `ticket_log`;
/*!40101 SET @saved_cs_client     = @@character_set_client */;
/*!40101 SET character_set_client = utf8 */;
CREATE TABLE `ticket_log` (
  `ticket_log_id` int(4) NOT NULL AUTO_INCREMENT,
  `ticket_id` int(4) NOT NULL,
  `status` varchar(256) NOT NULL,
  `user_id` int(4) DEFAULT NULL,
  `logged_at` datetime NOT NULL DEFAULT CURRENT_TIMESTAMP,
  PRIMARY KEY (`ticket_log_id`)
) ENGINE=InnoDB AUTO_INCREMENT=390 DEFAULT CHARSET=latin1;
/*!40101 SET character_set_client = @saved_cs_client */;

--
-- Dumping data for table `ticket_log`
--

LOCK TABLES `ticket_log` WRITE;
/*!40000 ALTER TABLE `ticket_log` DISABLE KEYS */;
INSERT INTO `ticket_log` VALUES (24,9,'WAITING AGENT',4,'2020-03-14 20:23:56'),(25,10,'WAITING AGENT',4,'2020-03-14 20:23:56'),(26,9,'IN CHAT',4,'2020-03-14 20:23:59'),(27,10,'IN CHAT',4,'2020-03-14 20:24:01'),(28,9,'IN CHAT',4,'2020-03-14 20:43:44'),(29,10,'IN CHAT',4,'2020-03-14 20:43:49'),(30,9,'IN CHAT',4,'2020-03-14 20:44:35'),(31,10,'IN CHAT',4,'2020-03-14 20:44:39'),(32,10,'IN CHAT',4,'2020-03-14 20:54:22'),(33,9,'IN CHAT',4,'2020-03-14 20:54:25'),(34,9,'WAITING AGENT',4,'2020-03-14 20:54:35'),(35,9,'IN CHAT',4,'2020-03-14 21:46:37'),(36,10,'IN CHAT',4,'2020-03-14 21:46:44'),(37,11,'IN CHAT',4,'2020-03-14 21:50:10'),(38,9,'ENDED',4,'2020-03-14 21:57:08'),(39,9,'Não venda',4,'2020-03-14 21:57:15'),(40,10,'WAITING AGENT',4,'2020-03-14 22:10:11'),(41,11,'WAITING AGENT',4,'2020-03-14 22:10:11'),(42,10,'IN CHAT',4,'2020-03-14 22:10:16'),(43,11,'IN CHAT',4,'2020-03-14 22:10:22'),(44,11,'ENDED',4,'2020-03-14 22:10:32'),(45,11,'Não venda',4,'2020-03-14 22:10:34'),(46,12,'IN CHAT',4,'2020-03-14 22:11:03'),(47,10,'WAITING AGENT',4,'2020-03-14 22:15:28'),(48,12,'WAITING AGENT',4,'2020-03-14 22:15:28'),(49,10,'IN CHAT',4,'2020-03-14 22:51:33'),(50,12,'IN CHAT',4,'2020-03-14 22:52:41'),(51,10,'ENDED',4,'2020-03-14 22:52:50'),(52,10,'sssss',4,'2020-03-14 22:52:53'),(53,12,'IN CHAT',4,'2020-03-14 22:52:57'),(54,12,'ENDED',4,'2020-03-14 22:53:57'),(55,12,'sssss',4,'2020-03-14 22:53:59'),(56,13,'IN CHAT',4,'2020-03-14 22:57:25'),(57,13,'WAITING AGENT',4,'2020-03-14 23:08:22'),(58,14,'IN CHAT',4,'2020-03-15 15:17:48'),(59,13,'IN CHAT',4,'2020-03-15 15:18:22'),(60,24,'IN CHAT',4,'2020-03-15 15:45:24'),(61,24,'WAITING AGENT',4,'2020-03-15 15:50:11'),(62,26,'IN CHAT',4,'2020-03-15 16:27:53'),(63,27,'IN CHAT',4,'2020-03-15 16:27:55'),(64,29,'IN CHAT',4,'2020-03-15 16:29:42'),(65,29,'IN CHAT',4,'2020-03-15 16:38:45'),(66,29,'IN CHAT',4,'2020-03-15 16:56:16'),(67,29,'WAITING AGENT',4,'2020-03-15 16:57:50'),(68,29,'IN CHAT',4,'2020-03-15 16:58:20'),(69,29,'IN CHAT',4,'2020-03-15 17:01:25'),(70,29,'WAITING AGENT',4,'2020-03-15 17:02:04'),(71,29,'IN CHAT',4,'2020-03-15 17:03:07'),(72,30,'IN CHAT',4,'2020-03-15 17:04:51'),(73,30,'WAITING AGENT',4,'2020-03-15 17:08:09'),(74,30,'IN CHAT',4,'2020-03-15 17:08:15'),(75,30,'IN CHAT',4,'2020-03-15 17:09:06'),(76,30,'WAITING AGENT',4,'2020-03-15 17:12:20'),(77,30,'IN CHAT',4,'2020-03-15 21:36:48'),(78,30,'WAITING AGENT',4,'2020-03-15 21:51:51'),(79,30,'IN CHAT',4,'2020-03-15 22:00:19'),(80,30,'WAITING AGENT',4,'2020-03-15 22:03:47'),(81,30,'IN CHAT',4,'2020-03-15 22:05:17'),(82,30,'WAITING AGENT',4,'2020-03-15 22:05:37'),(83,30,'IN CHAT',4,'2020-03-15 22:08:25'),(84,30,'ENDED',4,'2020-03-15 22:08:54'),(85,31,'IN CHAT',4,'2020-03-15 22:21:18'),(86,31,'IN CHAT',4,'2020-03-15 22:24:46'),(87,31,'IN CHAT',4,'2020-03-15 22:25:29'),(88,31,'IN CHAT',4,'2020-03-15 22:26:59'),(89,31,'IN CHAT',4,'2020-03-15 22:29:28'),(90,31,'IN CHAT',4,'2020-03-15 22:30:09'),(91,31,'IN CHAT',4,'2020-03-15 22:35:10'),(92,31,'IN CHAT',4,'2020-03-15 22:36:11'),(93,31,'WAITING AGENT',4,'2020-03-15 22:38:19'),(94,31,'IN CHAT',4,'2020-03-15 22:43:45'),(95,31,'WAITING AGENT',4,'2020-03-15 22:43:47'),(96,31,'IN CHAT',4,'2020-03-15 22:43:59'),(97,31,'WAITING AGENT',0,'2020-03-15 22:44:03'),(98,31,'IN CHAT',4,'2020-03-15 22:45:09'),(99,31,'WAITING AGENT',0,'2020-03-15 22:45:12'),(100,31,'IN CHAT',4,'2020-03-15 22:48:39'),(101,31,'IN CHAT',4,'2020-03-15 22:51:36'),(102,31,'IN CHAT',4,'2020-03-15 22:58:19'),(103,31,'IN CHAT',4,'2020-03-15 22:59:03'),(104,31,'IN CHAT',4,'2020-03-15 23:02:20'),(105,31,'IN CHAT',4,'2020-03-15 23:02:56'),(106,31,'WAITING AGENT',4,'2020-03-15 23:03:09'),(107,31,'IN CHAT',4,'2020-03-15 23:05:27'),(108,31,'WAITING AGENT',4,'2020-03-15 23:06:08'),(109,31,'IN CHAT',4,'2020-03-15 23:19:28'),(110,32,'IN CHAT',4,'2020-03-15 23:21:12'),(111,32,'sssss',4,'2020-03-15 23:28:23'),(112,33,'IN CHAT',4,'2020-03-15 23:28:59'),(113,31,'WAITING AGENT',4,'2020-03-15 23:32:17'),(114,33,'WAITING AGENT',4,'2020-03-15 23:32:17'),(115,31,'IN CHAT',4,'2020-03-15 23:33:03'),(116,33,'IN CHAT',4,'2020-03-15 23:33:07'),(117,31,'WAITING AGENT',0,'2020-03-15 23:33:38'),(118,33,'WAITING AGENT',0,'2020-03-15 23:33:38'),(119,31,'IN CHAT',4,'2020-03-15 23:33:49'),(120,33,'IN CHAT',4,'2020-03-15 23:33:52'),(121,33,'WAITING AGENT',4,'2020-03-15 23:38:08'),(122,31,'WAITING AGENT',4,'2020-03-15 23:45:41'),(123,34,'IN CHAT',64,'2020-03-16 10:03:35'),(124,34,'Atendimento Finalizado com Sucesso',64,'2020-03-16 10:04:17'),(125,35,'IN CHAT',64,'2020-03-16 10:04:19'),(126,36,'IN CHAT',64,'2020-03-16 10:05:30'),(127,35,'WAITING AGENT',64,'2020-03-16 10:18:22'),(128,36,'WAITING AGENT',64,'2020-03-16 10:18:22'),(129,35,'IN CHAT',64,'2020-03-16 10:18:37'),(130,36,'IN CHAT',64,'2020-03-16 10:18:43'),(131,35,'WAITING AGENT',64,'2020-03-16 10:19:04'),(132,36,'WAITING AGENT',64,'2020-03-16 10:19:04'),(133,36,'IN CHAT',64,'2020-03-16 10:51:41'),(134,36,'Atendimento Finalizado com Sucesso',64,'2020-03-16 10:52:21'),(135,35,'IN CHAT',64,'2020-03-16 10:52:22'),(136,37,'IN CHAT',64,'2020-03-16 10:52:25'),(137,35,'Atendimento Finalizado com Sucesso',64,'2020-03-16 10:52:32'),(138,38,'IN CHAT',64,'2020-03-16 10:54:24'),(139,37,'WAITING AGENT',0,'2020-03-16 10:54:45'),(140,38,'WAITING AGENT',0,'2020-03-16 10:54:45'),(141,37,'IN CHAT',64,'2020-03-16 10:55:01'),(142,38,'IN CHAT',64,'2020-03-16 10:55:03'),(143,37,'WAITING AGENT',64,'2020-03-16 11:11:42'),(144,38,'WAITING AGENT',64,'2020-03-16 11:11:42'),(145,46,'IN CHAT',4,'2020-03-16 18:04:06'),(146,46,'WAITING AGENT',4,'2020-03-16 18:07:08'),(147,46,'IN CHAT',4,'2020-03-16 21:22:57'),(148,46,'WAITING AGENT',4,'2020-03-16 21:23:10'),(149,46,'IN CHAT',4,'2020-03-16 21:29:42'),(150,46,'IN CHAT',4,'2020-03-16 21:30:57'),(151,46,'IN CHAT',4,'2020-03-16 21:33:36'),(152,46,'WAITING AGENT',4,'2020-03-16 21:34:38'),(153,46,'IN CHAT',4,'2020-03-16 23:12:44'),(154,46,'IN CHAT',64,'2020-03-16 23:47:08'),(155,47,'IN CHAT',64,'2020-03-16 23:47:19'),(156,46,'WAITING AGENT',64,'2020-03-16 23:48:46'),(157,47,'WAITING AGENT',64,'2020-03-16 23:48:46'),(158,46,'IN CHAT',64,'2020-03-16 23:49:51'),(159,47,'IN CHAT',64,'2020-03-16 23:49:53'),(160,46,'WAITING AGENT',0,'2020-03-16 23:56:00'),(161,47,'WAITING AGENT',0,'2020-03-16 23:56:00'),(162,46,'IN CHAT',64,'2020-03-16 23:56:51'),(163,47,'IN CHAT',64,'2020-03-16 23:56:52'),(164,46,'WAITING AGENT',64,'2020-03-16 23:57:28'),(165,47,'WAITING AGENT',64,'2020-03-16 23:57:28'),(166,46,'IN CHAT',64,'2020-03-17 00:00:34'),(167,47,'IN CHAT',64,'2020-03-17 00:00:37'),(168,48,'IN CHAT',64,'2020-03-17 00:00:58'),(169,48,'Atendimento Finalizado com Sucesso',64,'2020-03-17 00:03:38'),(170,46,'Atendimento Finalizado com Sucesso',64,'2020-03-17 00:03:46'),(171,47,'WAITING AGENT',64,'2020-03-17 00:08:35'),(172,49,'IN CHAT',4,'2020-03-17 20:22:55'),(173,51,'IN CHAT',4,'2020-03-17 20:32:27'),(174,51,'IN CHAT',4,'2020-03-17 20:35:50'),(175,51,'WAITING AGENT',4,'2020-03-17 20:36:36'),(176,51,'IN CHAT',4,'2020-03-17 20:59:45'),(177,51,'IN CHAT',4,'2020-03-17 21:00:27'),(178,51,'IN CHAT',4,'2020-03-17 21:02:41'),(179,51,'WAITING AGENT',4,'2020-03-17 21:02:41'),(180,51,'IN CHAT',4,'2020-03-17 21:03:44'),(181,51,'IN CHAT',4,'2020-03-17 21:06:05'),(182,51,'WAITING AGENT',4,'2020-03-17 21:06:06'),(183,51,'IN CHAT',4,'2020-03-17 21:07:01'),(184,51,'IN CHAT',4,'2020-03-17 21:08:05'),(185,51,'IN CHAT',4,'2020-03-17 21:12:09'),(186,51,'IN CHAT',4,'2020-03-17 21:12:38'),(187,51,'WAITING AGENT',4,'2020-03-17 21:12:56'),(188,51,'IN CHAT',4,'2020-03-17 21:14:30'),(189,51,'IN CHAT',4,'2020-03-17 21:16:07'),(190,51,'IN CHAT',4,'2020-03-17 21:18:38'),(191,51,'IN CHAT',4,'2020-03-17 21:21:41'),(192,51,'WAITING AGENT',4,'2020-03-17 21:26:33'),(193,55,'IN CHAT',4,'2020-03-18 22:03:34'),(194,53,'IN CHAT',64,'2020-03-18 22:06:41'),(195,53,'WAITING AGENT',64,'2020-03-18 22:07:11'),(196,54,'IN CHAT',64,'2020-03-18 22:08:33'),(197,53,'IN CHAT',64,'2020-03-18 22:08:35'),(198,55,'IN CHAT',64,'2020-03-18 22:08:36'),(199,55,'IN CHAT',4,'2020-03-18 22:12:35'),(200,54,'IN CHAT',4,'2020-03-18 22:12:53'),(201,53,'IN CHAT',4,'2020-03-18 22:12:58'),(202,55,'IN CHAT',4,'2020-03-18 22:28:55'),(203,54,'IN CHAT',4,'2020-03-18 22:29:01'),(204,53,'IN CHAT',4,'2020-03-18 22:29:02'),(205,56,'IN CHAT',4,'2020-03-18 22:29:03'),(206,53,'WAITING AGENT',4,'2020-03-18 22:35:12'),(207,54,'WAITING AGENT',4,'2020-03-18 22:35:12'),(208,55,'WAITING AGENT',4,'2020-03-18 22:35:12'),(209,56,'WAITING AGENT',4,'2020-03-18 22:35:12'),(210,56,'IN CHAT',4,'2020-03-18 22:43:33'),(211,56,'WAITING AGENT',4,'2020-03-18 22:43:36'),(212,54,'IN CHAT',4,'2020-03-21 17:49:03'),(213,54,'WAITING AGENT',0,'2020-03-21 17:49:06'),(214,59,'IN CHAT',4,'2020-03-21 18:47:01'),(215,59,'WAITING AGENT',0,'2020-03-21 18:47:08'),(216,59,'IN CHAT',4,'2020-03-21 18:47:29'),(217,59,'WAITING AGENT',0,'2020-03-21 18:47:32'),(218,59,'IN CHAT',4,'2020-03-21 18:48:08'),(219,59,'WAITING AGENT',0,'2020-03-21 18:48:11'),(220,59,'IN CHAT',4,'2020-03-21 18:49:32'),(221,59,'WAITING AGENT',0,'2020-03-21 18:49:35'),(222,59,'IN CHAT',4,'2020-03-21 18:54:59'),(223,59,'Atendimento Finalizado com Sucesso',4,'2020-03-21 18:56:09'),(224,60,'IN CHAT',64,'2020-03-22 22:41:44'),(225,60,'WAITING AGENT',0,'2020-03-22 22:44:50'),(226,60,'IN CHAT',4,'2020-03-22 23:08:28'),(227,60,'WAITING AGENT',4,'2020-03-22 23:15:25'),(228,60,'IN CHAT',64,'2020-03-22 23:15:44'),(229,60,'WAITING AGENT',64,'2020-03-22 23:20:32'),(230,61,'IN CHAT',4,'2020-03-22 23:23:53'),(231,60,'IN CHAT',4,'2020-03-22 23:23:55'),(232,60,'WAITING AGENT',4,'2020-03-22 23:26:07'),(233,60,'IN CHAT',64,'2020-03-22 23:27:35'),(234,61,'IN CHAT',4,'2020-03-22 23:28:57'),(235,60,'IN CHAT',4,'2020-03-22 23:29:02'),(236,60,'WAITING AGENT',4,'2020-03-22 23:29:15'),(237,61,'WAITING AGENT',4,'2020-03-22 23:29:15'),(238,60,'IN CHAT',4,'2020-03-22 23:29:25'),(239,61,'IN CHAT',4,'2020-03-22 23:29:26'),(240,60,'IN CHAT',4,'2020-03-22 23:31:51'),(241,61,'IN CHAT',4,'2020-03-22 23:33:21'),(242,60,'IN CHAT',4,'2020-03-22 23:33:23'),(243,60,'WAITING AGENT',4,'2020-03-22 23:33:38'),(244,61,'WAITING AGENT',4,'2020-03-22 23:33:38'),(245,60,'IN CHAT',4,'2020-03-22 23:36:27'),(246,60,'WAITING AGENT',4,'2020-03-22 23:37:45'),(247,61,'IN CHAT',4,'2020-03-22 23:54:16'),(248,60,'IN CHAT',4,'2020-03-22 23:54:17'),(249,60,'Cliente sem interesse',4,'2020-03-22 23:54:21'),(250,61,'Cotação',4,'2020-03-22 23:54:25'),(251,62,'IN CHAT',4,'2020-03-22 23:54:34'),(252,62,'IN CHAT',4,'2020-03-22 23:55:25'),(253,62,'IN CHAT',4,'2020-03-22 23:55:53'),(254,62,'IN CHAT',4,'2020-03-22 23:56:32'),(255,62,'WAITING AGENT',4,'2020-03-22 23:56:39'),(256,62,'IN CHAT',4,'2020-03-22 23:56:52'),(257,64,'IN CHAT',4,'2020-03-23 00:03:51'),(258,64,'WAITING AGENT',4,'2020-03-23 00:04:01'),(259,64,'IN CHAT',4,'2020-03-23 00:04:03'),(260,64,'IN CHAT',4,'2020-03-23 00:05:37'),(261,64,'IN CHAT',4,'2020-03-23 00:07:11'),(262,64,'IN CHAT',4,'2020-03-23 00:07:49'),(263,64,'IN CHAT',4,'2020-03-23 00:13:32'),(264,65,'IN CHAT',4,'2020-03-23 00:18:32'),(265,65,'WAITING AGENT',4,'2020-03-23 00:18:37'),(266,65,'IN CHAT',4,'2020-03-23 00:20:31'),(267,65,'WAITING AGENT',4,'2020-03-23 00:20:38'),(268,65,'IN CHAT',4,'2020-03-23 00:21:54'),(269,65,'WAITING AGENT',4,'2020-03-23 00:22:01'),(270,65,'IN CHAT',4,'2020-03-23 00:23:05'),(271,65,'WAITING AGENT',4,'2020-03-23 00:23:49'),(272,65,'IN CHAT',4,'2020-03-23 00:24:18'),(273,65,'WAITING AGENT',4,'2020-03-23 00:24:27'),(274,65,'IN CHAT',4,'2020-03-23 00:25:00'),(275,65,'WAITING AGENT',4,'2020-03-23 00:25:04'),(276,65,'IN CHAT',4,'2020-03-23 00:26:02'),(277,65,'WAITING AGENT',4,'2020-03-23 00:26:07'),(278,65,'IN CHAT',4,'2020-03-23 00:26:26'),(279,65,'WAITING AGENT',4,'2020-03-23 00:26:33'),(280,65,'IN CHAT',4,'2020-03-23 00:28:25'),(281,65,'WAITING AGENT',4,'2020-03-23 00:28:28'),(282,65,'IN CHAT',4,'2020-03-23 00:30:19'),(283,65,'WAITING AGENT',4,'2020-03-23 00:30:22'),(284,65,'IN CHAT',4,'2020-03-23 00:30:47'),(285,65,'WAITING AGENT',4,'2020-03-23 00:30:53'),(286,65,'IN CHAT',4,'2020-03-23 00:31:01'),(287,75,'IN CHAT',64,'2020-03-23 16:51:47'),(288,76,'IN CHAT',64,'2020-03-23 16:51:51'),(289,76,'Cotação',64,'2020-03-23 16:51:59'),(290,75,'Venda Realizada',64,'2020-03-23 16:52:04'),(291,77,'IN CHAT',64,'2020-03-23 16:52:06'),(292,77,'Cotação',64,'2020-03-23 16:52:11'),(293,74,'IN CHAT',64,'2020-03-23 16:54:42'),(294,78,'IN CHAT',64,'2020-03-23 16:54:43'),(295,79,'IN CHAT',64,'2020-03-23 16:54:45'),(296,74,'WAITING AGENT',0,'2020-03-23 16:54:50'),(297,78,'WAITING AGENT',0,'2020-03-23 16:54:51'),(298,79,'WAITING AGENT',0,'2020-03-23 16:54:51'),(299,79,'IN CHAT',64,'2020-03-23 16:54:57'),(300,74,'IN CHAT',64,'2020-03-23 16:54:58'),(301,78,'IN CHAT',64,'2020-03-23 16:54:59'),(302,79,'Cotação',64,'2020-03-23 16:55:07'),(303,74,'WAITING AGENT',0,'2020-03-23 16:55:17'),(304,78,'WAITING AGENT',0,'2020-03-23 16:55:17'),(305,74,'IN CHAT',64,'2020-03-23 17:02:17'),(306,78,'IN CHAT',64,'2020-03-23 17:02:19'),(307,74,'Cotação',64,'2020-03-23 17:02:54'),(308,80,'IN CHAT',67,'2020-03-23 17:03:18'),(309,80,'Cliente sem interesse',67,'2020-03-23 17:03:41'),(310,81,'IN CHAT',64,'2020-03-23 17:04:48'),(311,81,'Venda Realizada',64,'2020-03-23 17:05:07'),(312,82,'IN CHAT',67,'2020-03-23 17:05:13'),(313,78,'Venda Realizada',64,'2020-03-23 17:05:24'),(314,83,'IN CHAT',67,'2020-03-23 17:05:34'),(315,83,'Cliente sem interesse',67,'2020-03-23 17:06:01'),(316,82,'Cliente sem interesse',67,'2020-03-23 17:06:06'),(317,84,'IN CHAT',67,'2020-03-23 17:14:41'),(318,84,'WAITING AGENT',67,'2020-03-23 17:15:03'),(319,84,'IN CHAT',64,'2020-03-23 17:15:08'),(320,84,'WAITING AGENT',64,'2020-03-23 17:19:32'),(321,84,'IN CHAT',64,'2020-03-23 17:19:37'),(322,84,'WAITING AGENT',64,'2020-03-23 17:20:33'),(323,84,'IN CHAT',67,'2020-03-23 17:20:37'),(324,84,'WAITING AGENT',67,'2020-03-23 17:21:46'),(325,84,'IN CHAT',64,'2020-03-23 17:21:53'),(326,84,'FIM',64,'2020-03-23 17:23:08'),(327,85,'IN CHAT',69,'2020-03-23 17:26:53'),(328,86,'IN CHAT',69,'2020-03-23 17:27:27'),(329,86,'Atendimento Finalizado com Sucesso',69,'2020-03-23 17:29:04'),(330,85,'WAITING AGENT',69,'2020-03-23 17:32:21'),(331,87,'IN CHAT',67,'2020-03-23 17:33:00'),(332,87,'WAITING AGENT',67,'2020-03-23 17:33:09'),(333,87,'IN CHAT',64,'2020-03-23 17:33:13'),(334,88,'IN CHAT',67,'2020-03-23 17:35:43'),(335,88,'Cliente sem interesse',67,'2020-03-23 17:35:56'),(336,85,'IN CHAT',67,'2020-03-23 17:35:57'),(337,85,'Cliente sem interesse',67,'2020-03-23 17:36:48'),(338,87,'WAITING AGENT',64,'2020-03-23 17:48:43'),(339,90,'IN CHAT',4,'2020-03-23 18:46:47'),(340,90,'WAITING AGENT',4,'2020-03-23 18:50:29'),(341,90,'IN CHAT',4,'2020-03-23 18:51:33'),(342,90,'WAITING AGENT',4,'2020-03-23 18:56:30'),(343,90,'IN CHAT',4,'2020-03-23 19:04:42'),(344,90,'IN CHAT',4,'2020-03-23 19:06:29'),(345,90,'IN CHAT',4,'2020-03-23 19:10:49'),(346,90,'IN CHAT',4,'2020-03-23 19:24:19'),(347,90,'WAITING AGENT',4,'2020-03-23 19:24:26'),(348,90,'IN CHAT',4,'2020-03-23 19:24:28'),(349,90,'IN CHAT',4,'2020-03-23 19:29:43'),(350,90,'IN CHAT',4,'2020-03-23 19:30:59'),(351,90,'IN CHAT',4,'2020-03-23 19:31:51'),(352,90,'WAITING AGENT',4,'2020-03-23 19:33:11'),(353,90,'IN CHAT',4,'2020-03-23 19:33:21'),(354,90,'IN CHAT',4,'2020-03-23 19:34:20'),(355,90,'IN CHAT',4,'2020-03-23 19:36:10'),(356,90,'IN CHAT',4,'2020-03-23 19:37:26'),(357,90,'IN CHAT',4,'2020-03-23 19:45:22'),(358,90,'WAITING AGENT',4,'2020-03-23 19:45:49'),(359,90,'IN CHAT',4,'2020-03-23 19:48:20'),(360,90,'IN CHAT',4,'2020-03-23 19:49:34'),(361,90,'WAITING AGENT',4,'2020-03-23 19:49:38'),(362,90,'IN CHAT',4,'2020-03-23 19:50:26'),(363,90,'WAITING AGENT',4,'2020-03-23 19:50:29'),(364,90,'IN CHAT',4,'2020-03-23 19:51:23'),(365,90,'IN CHAT',4,'2020-03-23 19:52:22'),(366,90,'IN CHAT',4,'2020-03-23 19:54:12'),(367,90,'IN CHAT',4,'2020-03-23 19:55:43'),(368,90,'IN CHAT',4,'2020-03-23 19:58:43'),(369,90,'IN CHAT',4,'2020-03-23 20:15:20'),(370,90,'IN CHAT',4,'2020-03-23 20:17:39'),(371,90,'WAITING AGENT',4,'2020-03-23 20:18:24'),(372,90,'IN CHAT',4,'2020-03-23 20:18:26'),(373,90,'IN CHAT',4,'2020-03-23 20:32:34'),(374,90,'IN CHAT',4,'2020-03-23 20:34:22'),(375,90,'FIM',4,'2020-03-23 20:34:30'),(376,91,'IN CHAT',64,'2020-03-23 21:50:46'),(377,91,'Cotação',64,'2020-03-23 21:51:49'),(378,92,'IN CHAT',64,'2020-03-23 21:53:28'),(379,92,'WAITING AGENT',64,'2020-03-23 21:53:31'),(380,92,'IN CHAT',64,'2020-03-23 21:53:39'),(381,92,'WAITING AGENT',64,'2020-03-23 21:55:23'),(382,92,'IN CHAT',64,'2020-03-23 21:57:05'),(383,92,'FIM',64,'2020-03-23 22:00:48'),(384,93,'IN CHAT',64,'2020-03-23 22:12:42'),(385,93,'Cliente sem interesse',64,'2020-03-23 22:15:35'),(386,94,'IN CHAT',67,'2020-03-24 11:16:29'),(387,94,'Cliente sem interesse',67,'2020-03-24 11:16:53'),(388,95,'IN CHAT',67,'2020-03-24 11:17:11'),(389,95,'Cliente sem interesse',67,'2020-03-24 11:17:50');
/*!40000 ALTER TABLE `ticket_log` ENABLE KEYS */;
UNLOCK TABLES;

--
-- Table structure for table `ticket_logs`
--

DROP TABLE IF EXISTS `ticket_logs`;
/*!40101 SET @saved_cs_client     = @@character_set_client */;
/*!40101 SET character_set_client = utf8 */;
CREATE TABLE `ticket_logs` (
  `ticket_log_id` int(4) NOT NULL AUTO_INCREMENT,
  `ticket_id` int(4) NOT NULL,
  `status` varchar(64) NOT NULL,
  `agent_id` int(4) NOT NULL,
  `comments` varchar(128) NOT NULL,
  PRIMARY KEY (`ticket_log_id`)
) ENGINE=InnoDB DEFAULT CHARSET=latin1;
/*!40101 SET character_set_client = @saved_cs_client */;

--
-- Dumping data for table `ticket_logs`
--

LOCK TABLES `ticket_logs` WRITE;
/*!40000 ALTER TABLE `ticket_logs` DISABLE KEYS */;
/*!40000 ALTER TABLE `ticket_logs` ENABLE KEYS */;
UNLOCK TABLES;

--
-- Table structure for table `tickets`
--

DROP TABLE IF EXISTS `tickets`;
/*!40101 SET @saved_cs_client     = @@character_set_client */;
/*!40101 SET character_set_client = utf8 */;
CREATE TABLE `tickets` (
  `ticket_id` int(4) NOT NULL AUTO_INCREMENT,
  `user_id` int(4) DEFAULT NULL,
  `client_id` int(4) NOT NULL,
  `started_at` datetime NOT NULL DEFAULT CURRENT_TIMESTAMP,
  `agent_stated_at` datetime DEFAULT NULL,
  `finished_at` datetime DEFAULT NULL,
  `group_id` int(4) NOT NULL,
  `entry_id` int(4) NOT NULL,
  `status` varchar(64) NOT NULL,
  `requeue` datetime NOT NULL DEFAULT CURRENT_TIMESTAMP,
  PRIMARY KEY (`ticket_id`)
) ENGINE=InnoDB AUTO_INCREMENT=136 DEFAULT CHARSET=latin1;
/*!40101 SET character_set_client = @saved_cs_client */;

--
-- Dumping data for table `tickets`
--

LOCK TABLES `tickets` WRITE;
/*!40000 ALTER TABLE `tickets` DISABLE KEYS */;
INSERT INTO `tickets` VALUES (90,4,107,'2020-03-23 18:46:44',NULL,NULL,26,1,'FIM','2020-03-23 20:33:11'),(91,64,108,'2020-03-23 21:50:30',NULL,NULL,1,1,'Cotação','2020-03-23 21:50:30'),(92,64,108,'2020-03-23 21:53:24',NULL,NULL,25,1,'FIM','2020-03-23 21:55:23'),(93,64,109,'2020-03-23 22:11:28',NULL,NULL,1,1,'Cliente sem interesse','2020-03-23 22:11:28'),(94,67,110,'2020-03-24 11:16:26',NULL,NULL,1,1,'Cliente sem interesse','2020-03-24 11:16:26'),(95,67,110,'2020-03-24 11:16:59',NULL,NULL,1,1,'Cliente sem interesse','2020-03-24 11:16:59'),(96,NULL,111,'2020-03-24 13:00:02',NULL,NULL,1,1,'WAITING AGENT','2020-03-24 13:00:02'),(97,NULL,112,'2020-03-24 13:44:29',NULL,NULL,1,1,'WAITING AGENT','2020-03-24 13:44:29'),(98,NULL,113,'2020-03-24 13:44:30',NULL,NULL,1,1,'WAITING AGENT','2020-03-24 13:44:30'),(99,NULL,114,'2020-03-24 13:44:31',NULL,NULL,1,1,'WAITING AGENT','2020-03-24 13:44:31'),(100,NULL,115,'2020-03-24 13:44:34',NULL,NULL,1,1,'WAITING AGENT','2020-03-24 13:44:34'),(101,NULL,116,'2020-03-24 13:44:35',NULL,NULL,1,1,'WAITING AGENT','2020-03-24 13:44:35'),(102,NULL,107,'2020-03-24 13:52:28',NULL,NULL,1,1,'WAITING AGENT','2020-03-24 13:52:28'),(104,NULL,118,'2020-03-24 13:53:48',NULL,NULL,1,1,'WAITING AGENT','2020-03-24 13:53:48'),(105,NULL,119,'2020-03-24 13:53:49',NULL,NULL,1,1,'WAITING AGENT','2020-03-24 13:53:49'),(106,NULL,120,'2020-03-24 13:53:49',NULL,NULL,1,1,'WAITING AGENT','2020-03-24 13:53:49'),(107,NULL,121,'2020-03-24 13:53:50',NULL,NULL,1,1,'WAITING AGENT','2020-03-24 13:53:50'),(108,NULL,122,'2020-03-24 13:53:51',NULL,NULL,1,1,'WAITING AGENT','2020-03-24 13:53:51'),(109,NULL,123,'2020-03-24 13:53:51',NULL,NULL,1,1,'WAITING AGENT','2020-03-24 13:53:51'),(110,NULL,124,'2020-03-24 13:53:52',NULL,NULL,1,1,'WAITING AGENT','2020-03-24 13:53:52'),(111,NULL,125,'2020-03-24 13:53:53',NULL,NULL,1,1,'WAITING AGENT','2020-03-24 13:53:53'),(116,NULL,127,'2020-03-24 14:13:09',NULL,NULL,1,1,'WAITING AGENT','2020-03-24 14:13:09'),(117,NULL,128,'2020-03-24 14:13:11',NULL,NULL,1,1,'WAITING AGENT','2020-03-24 14:13:11'),(118,NULL,129,'2020-03-24 14:37:08',NULL,NULL,1,1,'WAITING AGENT','2020-03-24 14:37:08'),(119,NULL,130,'2020-03-24 14:37:09',NULL,NULL,1,1,'WAITING AGENT','2020-03-24 14:37:09'),(120,NULL,131,'2020-03-24 14:37:10',NULL,NULL,1,1,'WAITING AGENT','2020-03-24 14:37:10'),(121,NULL,132,'2020-03-24 14:37:12',NULL,NULL,1,1,'WAITING AGENT','2020-03-24 14:37:12'),(122,NULL,133,'2020-03-24 14:45:31',NULL,NULL,1,1,'WAITING AGENT','2020-03-24 14:45:31'),(123,NULL,134,'2020-03-24 14:45:32',NULL,NULL,1,1,'WAITING AGENT','2020-03-24 14:45:32'),(124,NULL,135,'2020-03-24 14:45:33',NULL,NULL,1,1,'WAITING AGENT','2020-03-24 14:45:33'),(125,NULL,136,'2020-03-24 14:45:33',NULL,NULL,1,1,'WAITING AGENT','2020-03-24 14:45:33'),(126,NULL,137,'2020-03-24 14:45:34',NULL,NULL,1,1,'WAITING AGENT','2020-03-24 14:45:34'),(127,NULL,138,'2020-03-24 14:45:39',NULL,NULL,1,1,'WAITING AGENT','2020-03-24 14:45:39'),(128,NULL,139,'2020-03-24 14:45:59',NULL,NULL,1,1,'WAITING AGENT','2020-03-24 14:45:59'),(129,NULL,140,'2020-03-24 14:46:01',NULL,NULL,1,1,'WAITING AGENT','2020-03-24 14:46:01'),(130,NULL,141,'2020-03-24 14:46:03',NULL,NULL,1,1,'WAITING AGENT','2020-03-24 14:46:03'),(131,NULL,142,'2020-03-24 14:47:42',NULL,NULL,1,1,'WAITING AGENT','2020-03-24 14:47:42'),(132,NULL,143,'2020-03-24 14:47:44',NULL,NULL,1,1,'WAITING AGENT','2020-03-24 14:47:44'),(133,NULL,144,'2020-03-24 14:47:44',NULL,NULL,1,1,'WAITING AGENT','2020-03-24 14:47:44'),(134,NULL,145,'2020-03-24 14:54:00',NULL,NULL,1,1,'WAITING AGENT','2020-03-24 14:54:00'),(135,NULL,110,'2020-03-24 15:25:15',NULL,NULL,1,1,'WAITING AGENT','2020-03-24 15:25:15');
/*!40000 ALTER TABLE `tickets` ENABLE KEYS */;
UNLOCK TABLES;

--
-- Table structure for table `users`
--

DROP TABLE IF EXISTS `users`;
/*!40101 SET @saved_cs_client     = @@character_set_client */;
/*!40101 SET character_set_client = utf8 */;
CREATE TABLE `users` (
  `user_id` int(4) NOT NULL AUTO_INCREMENT,
  `name` varchar(64) NOT NULL,
  `email` varchar(64) NOT NULL,
  `permission` enum('admin','agent','supervisor') NOT NULL DEFAULT 'agent',
  `password` varchar(255) DEFAULT NULL,
  `created_at` datetime NOT NULL DEFAULT CURRENT_TIMESTAMP,
  `last_login` datetime NOT NULL DEFAULT CURRENT_TIMESTAMP,
  `apelido` varchar(64) NOT NULL DEFAULT '',
  PRIMARY KEY (`user_id`)
) ENGINE=InnoDB AUTO_INCREMENT=73 DEFAULT CHARSET=latin1;
/*!40101 SET character_set_client = @saved_cs_client */;

--
-- Dumping data for table `users`
--

LOCK TABLES `users` WRITE;
/*!40000 ALTER TABLE `users` DISABLE KEYS */;
INSERT INTO `users` VALUES (4,'Patrick Hadson','pkhadson@gmail.com','admin','kontac','2020-01-23 23:51:28','2020-01-23 23:51:28','Patrick Hadson'),(64,'Rodrigo Almeida','rodrigo@telek.com.br','admin','k0nt4c','2020-03-14 22:50:01','2020-03-14 22:50:01','Rodrigo'),(66,'Erick','erick@telek.com.br','agent','k0nt4c','2020-03-16 09:25:49','2020-03-16 09:25:49','Erick'),(67,'Marco','marco.tulio@telek.com.br','admin','kelet2011','2020-03-16 09:26:03','2020-03-16 09:26:03','Marco'),(68,'Lucas','lucas@telek.com.br','agent','k0nt4c','2020-03-16 09:26:14','2020-03-16 09:26:14','Lucas'),(69,'Fernando','fernando@telek.com.br','agent','k0nt4c','2020-03-16 09:26:32','2020-03-16 09:26:32','Fernando'),(70,'Lívia','livia@telek.com.br','agent','k0nt4c','2020-03-16 09:26:45','2020-03-16 09:26:45','Lívia'),(72,'Super','supervisor@telek.com.br','supervisor','super','2020-03-17 21:28:16','2020-03-17 21:28:16','sp');
/*!40000 ALTER TABLE `users` ENABLE KEYS */;
UNLOCK TABLES;

--
-- Table structure for table `users_groups`
--

DROP TABLE IF EXISTS `users_groups`;
/*!40101 SET @saved_cs_client     = @@character_set_client */;
/*!40101 SET character_set_client = utf8 */;
CREATE TABLE `users_groups` (
  `group_id` int(4) NOT NULL,
  `user_id` int(4) NOT NULL,
  UNIQUE KEY `key` (`group_id`,`user_id`)
) ENGINE=InnoDB DEFAULT CHARSET=latin1;
/*!40101 SET character_set_client = @saved_cs_client */;

--
-- Dumping data for table `users_groups`
--

LOCK TABLES `users_groups` WRITE;
/*!40000 ALTER TABLE `users_groups` DISABLE KEYS */;
INSERT INTO `users_groups` VALUES (1,4),(1,64),(1,66),(1,67),(1,68),(1,69),(1,70),(12,4),(13,9),(13,10),(13,11),(13,12),(25,64),(26,4);
/*!40000 ALTER TABLE `users_groups` ENABLE KEYS */;
UNLOCK TABLES;
/*!40103 SET TIME_ZONE=@OLD_TIME_ZONE */;

/*!40101 SET SQL_MODE=@OLD_SQL_MODE */;
/*!40014 SET FOREIGN_KEY_CHECKS=@OLD_FOREIGN_KEY_CHECKS */;
/*!40014 SET UNIQUE_CHECKS=@OLD_UNIQUE_CHECKS */;
/*!40101 SET CHARACTER_SET_CLIENT=@OLD_CHARACTER_SET_CLIENT */;
/*!40101 SET CHARACTER_SET_RESULTS=@OLD_CHARACTER_SET_RESULTS */;
/*!40101 SET COLLATION_CONNECTION=@OLD_COLLATION_CONNECTION */;
/*!40111 SET SQL_NOTES=@OLD_SQL_NOTES */;

-- Dump completed on 2020-03-25 12:38:10
